t,x_m,y_m,theta,heading_err,v_map,front_range_m
0.016,0.9608029182805549,0.9731701861439355,0.5999999999999996,-0.2649259432951987,0.4657204843293426,1.4542379975318909
0.032,0.9603288639580594,0.9741218428903959,0.5789239397498408,-0.24592879288498448,0.4703642772151557,1.452825665473938
0.048,0.9663964489729242,0.9796546566486768,0.5531266045894182,-0.23568224428698237,0.4727373750629075,1.4323718845844269
0.064,0.9733607920622784,0.9841852439855989,0.5485656744293964,-0.23505546050387327,0.47287951202689277,1.425994485616684
0.08,0.9800965242818744,0.9891779521357424,0.5327930029152563,-0.2242906856277913,0.4752658126692747,1.4608591794967651
0.096,0.9870957040474542,0.993795590420901,0.5234673115235955,-0.21929316265097576,0.47633822470047665,1.4356562495231628
0.112,0.9940723581367239,0.9984871683557763,0.510783527254492,-0.21122177187495073,0.478022458703635,1.4140039682388306
0.128,1.0011589880679947,1.002994710730671,0.5001880904545702,-0.20497605337026936,0.47928497811618426,1.3769873976707458
0.14400000000000002,1.0073776801142218,1.0069693189506914,0.4886679987692316,-0.19742488868894226,0.4807635902108695,1.390565186738968
0.16,1.0136453595265538,1.0108367748887677,0.4779168146305202,-0.19607628348914963,0.48102213416463174,1.3917268812656403
0.176,1.0199319462913934,1.014656385862331,0.4665932624160215,-0.18832264307136093,0.48247593491035934,1.3680081069469452
0.192,1.026266722267005,1.0183763065419633,0.4558748620926401,-0.181064189610451,0.4837862328203078,1.3713803887367249
0.20800000000000002,1.0326352720203178,1.0220293116618384,0.44510904474331753,-0.17371183859147266,0.48506325245060966,1.2843845784664154
0.224,1.0390474640894278,1.0256008798459035,0.4346585917648322,-0.1665944907941781,0.486251041898692,1.4001913368701935
0.24,1.0455005284988168,1.0291029443156083,0.4243227703590767,-0.15953239258274277,0.48738229756003887,1.362462043762207
0.256,1.051999048630913,1.0325326091861764,0.4142132599717589,-0.1526271007488802,0.4884426466939028,1.3178759813308716
0.272,1.0585439835515218,1.0358951803350238,0.40426834398897726,-0.1487265450134201,0.489021513290123,1.3477155566215515
0.28800000000000003,1.0653999336813644,1.0393125264683833,0.3943097203621741,-0.14169475746690674,0.49002830195486036,1.2831677496433258
0.304,1.0723114630425576,1.0426549171250654,0.38466635008089867,-0.1348980303656826,0.4909563183343569,1.352524310350418
0.32,1.0792702932994604,1.0459298849111853,0.3751557617108811,-0.1281688081155372,0.491831255639155,1.3050255179405212
0.336,1.086276767212801,1.0491331619085518,0.3658790107064193,-0.12159750167823846,0.492643389431872,1.2988801300525665
0.352,1.0933281061648303,1.0522682625433255,0.35677996064161027,-0.11513303037659828,0.4934014261680902,1.3243195414543152
0.368,1.1004232461884054,1.0553344158481526,0.34788948016117444,-0.10992011279532887,0.49398307609582454,1.3255609571933746
0.384,1.1075588846677604,1.0583368879789288,0.3391092458814736,-0.10341965040900192,0.4946712268480591,1.3040463626384735
0.4,1.114736131435658,1.0612689643496451,0.3305915535090746,-0.0971007452592958,0.4953005202954926,1.2875014543533325
0.41600000000000004,1.121951758107091,1.0641358128961698,0.3222513031202756,-0.09088599890109839,0.4958812270802532,1.2207760661840439
0.432,1.1292048701505588,1.0669360340844771,0.31413473591176416,-0.08481641896450265,0.496411704454369,1.2921451032161713
0.448,1.1364933205228764,1.0696719078284667,0.3062152835628938,-0.07886741824900412,0.49689640803506585,1.2767215073108673
0.464,1.1438156413873144,1.0723437048765163,0.29850659491428777,-0.07305051927195061,0.49733655359704243,1.2748263776302338
0.48,1.1511699977574459,1.074952843356538,0.29099998942727107,-0.06706805643680491,0.49775430806795345,1.25259131193161
0.496,1.1585550375158404,1.0774991849492288,0.2837199987814308,-0.06135448162392931,0.4981201743571942,1.2823617458343506
0.512,1.1659686668185834,1.0799850390267243,0.2766423654368498,-0.055766030138201916,0.49844668613440013,1.2442120164632797
0.528,1.1734093456113488,1.0824109066523322,0.2697787128965061,-0.05031257159408531,0.4987353901689805,1.2453795224428177
0.544,1.1808752436028787,1.084778320621219,0.263120758683657,-0.04498601721140805,0.49898881153201113,1.300853192806244
0.56,1.188364697117838,1.0870882723151882,0.2566711742261517,-0.03978810550727063,0.4992088709393343,1.3248981535434723
0.5760000000000001,1.1958759673150978,1.0893420829351252,0.2504265283792987,-0.03370538494015429,0.4994321885831648,1.2751324474811554
0.592,1.2034082339967966,1.0915375633377624,0.24445977202959862,-0.028707692552039532,0.4995880473805497,1.317097544670105
0.608,1.210958389722967,1.0936815038667733,0.23866221321967057,-0.02380608383580718,0.4997166887125682,1.3075394928455353
0.624,1.2185255441466243,1.0957721825049629,0.23309127134775143,-0.019051898141019485,0.4998185345460031,1.279151290655136
0.64,1.2261076630255094,1.0978126075266181,0.22771256781905294,-0.014413694338719196,0.49989612990121696,1.2519118189811707
0.656,1.2337033827887218,1.0998031971727147,0.22254240981751594,-0.009905643459556579,0.4999509407184521,1.3384872674942017
0.672,1.241311042020199,1.1017458252849388,0.2175690946679491,-0.005516723666381118,0.4999847830343676,1.3121932744979858
0.6880000000000001,1.2489292137887538,1.1036415844074545,0.21279636708174635,0.0001516540334240979,0.4999999885005271,1.3323397934436798
0.704,1.256557429480114,1.1054873352301926,0.20832078752994776,0.0042694271639320824,0.4999908860512225,1.3492760062217712
0.72,1.2641925943836485,1.1072924059568763,0.20398705305285494,0.008312751334962343,0.4999654498784581,1.2853294610977173
0.736,1.271834332090461,1.1090538683533526,0.1998774882211838,0.012207697611753332,0.49992548976098794,1.384502649307251
0.752,1.2794809148375799,1.1107755667714945,0.19594332071164944,0.01599848071690735,0.49987203522552137,1.3717545568943024
0.768,1.2871314658136526,1.1124576209697747,0.1922081006808792,0.019664273578744673,0.4998066830917335,1.3771547377109528
0.784,1.294784778502196,1.114102215601819,0.18865550462430286,0.024583840969920168,0.4996978782529008,1.3406221568584442
0.8,1.3024408167181907,1.1157058334557055,0.18538981230063745,0.02794767477844573,0.4996095654056989,1.3434980809688568
0.8160000000000001,1.310097137662348,1.117278123109271,0.18225029632599574,0.03124594108244949,0.49951200442541416,1.3499815762043
0.8320000000000001,1.3177538066975725,1.1188160353530874,0.17932164397316866,0.03440237723706385,0.4994084716380519,1.3211238384246826
0.848,1.325409682425533,1.1203235121745134,0.17655331698297988,0.03746271012682456,0.4992986008943784,1.3590633869171143
0.864,1.333064431295834,1.1218006395352917,0.17396931859719902,0.040405577341369625,0.49918413879943685,1.3605880737304688
0.88,1.3407174379203282,1.1232496226739621,0.1715526220892457,0.04324654533643413,0.4990654509939152,1.3838160037994385
0.896,1.3483683952921264,1.124671491077815,0.16930883113094505,0.04704161788344763,0.49889435901726903,1.2994058430194855
0.912,1.3560176312374597,1.1260642374900662,0.1673078059867157,0.04956954708666039,0.49877243592736314,1.3940921425819397
0.928,1.3636638761636521,1.1274355895123231,0.16542633428182896,0.05203187834752665,0.49864756297058344,1.3598977029323578
0.9440000000000001,1.3713076472107386,1.1287834736915556,0.16372804617202225,0.0543714899101273,0.49852332654625703,1.3950370252132416
0.96,1.3789485680292035,1.1301113144170656,0.16217376212944584,0.056623587474225356,0.49839859725767505,1.3661505281925201
0.976,1.386586906374312,1.131419437333673,0.16078097161972227,0.058772742403411016,0.4982748700830539,1.4291410148143768
0.992,1.3942227308090818,1.1327097825168666,0.15953602155331612,0.06142046876527374,0.4981161337422367,1.3878200948238373
1.008,1.4018566352040738,1.1339813826872014,0.15848502469881248,0.06327473959892771,0.49800082383108807,1.390092372894287
1.024,1.4094882757709426,1.135239477901628,0.1575499467898357,0.06506037285284849,0.4978865584301355,1.407848298549652
1.04,1.417118338046973,1.136483185631548,0.15676941243187645,0.06674274870133257,0.49777600801956745,1.3566195964813232
1.056,1.424747009089915,1.1377149794825967,0.15611741236847157,0.06834555412230969,0.49766807690390874,1.4052073657512665
1.072,1.432374807979504,1.1389354320915723,0.15560405745174447,0.06986001517085016,0.4975637563105493,1.3770782947540283
1.088,1.4400021125546298,1.14014613391209,0.15521974376347625,0.07132094046938242,0.4974609711813061,1.4103548228740692
1.104,1.4476294198800246,1.141347992855831,0.154967776242642,0.07257289017829027,0.49737120780002414,1.3581012189388275
1.12,1.455257093883795,1.142542801452274,0.15483323981775876,0.07374924471886857,0.497285451242457,1.370866298675537
1.1360000000000001,1.462885652933649,1.1437313195118417,0.15482060765523536,0.07484617563097551,0.4972042513989281,1.3614660501480103
1.1520000000000001,1.4705155312284481,1.1449147441419911,0.15492586726520033,0.07586752572487487,0.4971275767295343,1.3833469152450562
1.168,1.47814715777911,1.1460941618279485,0.15514477738976595,0.07681757021928792,0.4970553294022683,1.3248050212860107
1.184,1.4857809184668658,1.1472707428727298,0.155475471297575,0.07769803609730808,0.49698757690371287,1.3247014582157135
1.2,1.4934171828698752,1.1484454996149873,0.15591522622908655,0.07781302444659266,0.4969786719177559,1.339304894208908
1.216,1.5010559193938584,1.1496217913261826,0.15641116679210748,0.07847830992318316,0.4969268941422261,1.3219453394412994
1.232,1.5086979889219112,1.1507968614087125,0.15703145384089517,0.07905668523978004,0.4968815251688814,1.305553913116455
1.248,1.5163433053196536,1.1519736944808465,0.15773441466745622,0.07958590679775357,0.49683972249181635,1.3725797832012177
1.264,1.523992229819254,1.153152042811218,0.15853948153209152,0.08004870245932105,0.4968029400788577,1.328205168247223
1.28,1.5316447800871353,1.1543334102036726,0.15943222552611158,0.08045828175212666,0.49677021086578355,1.3363531231880188
1.296,1.5393010662833158,1.1555182826573591,0.16041711472009693,0.0794981370702903,0.4968466744634772,1.333637535572052
1.312,1.5469603449170166,1.1567121532524394,0.16139294960577935,0.0797410026949601,0.4968274192246556,1.3662432134151459
1.328,1.5546237396146299,1.157908317232709,0.16249946235752102,0.0798861149148089,0.4968158864255182,1.314215511083603
1.344,1.5622904582482868,1.1591116433979511,0.16365554509195046,0.08000672036608014,0.4968062854832777,1.2928642332553864
1.36,1.5699606917951,1.1603205279174573,0.16490285402345872,0.08006540534153261,0.4968016086014542,1.292300969362259
1.3760000000000001,1.5776339815059193,1.16153691509854,0.16621491364745314,0.08008609853846549,0.49679995865243304,1.3444691896438599
1.3920000000000001,1.5853101358940949,1.1627607323818356,0.1676031716682254,0.08005866667795702,0.4968021458100483,1.315954327583313
1.408,1.592988722832973,1.1639929820143555,0.16905808788062396,0.0779520887506786,0.49696788497822053,1.3072477281093597
1.424,1.6006682132492713,1.1652409789679017,0.17043384953573626,0.07781797304905913,0.4969782883924015,1.328161209821701
1.44,1.6083500965766717,1.1664937349295124,0.17194812901672196,0.07757407460209897,0.4969971621607347,1.2437926232814789
1.456,1.616032809560854,1.1677581483920902,0.173476962113833,0.07733211728064537,0.49701582764539964,1.293078064918518
1.472,1.6237164645144144,1.1690311487422802,0.1750862367634522,0.07703281803775752,0.49703883666598225,1.3137616217136383
1.488,1.6314001884337177,1.1703151587677207,0.17673642570143078,0.07671172287807959,0.49706342285288485,1.259685903787613
1.504,1.6390836242945679,1.1716095120953343,0.17844662135844472,0.07380127574737827,0.4972816265531058,1.3176169991493225
1.52,1.6467645848633974,1.1729238822823214,0.1800183495061143,0.07342024410935144,0.4973095733709555,1.2856294214725494
1.536,1.6544451869031653,1.174243651686437,0.18173658645229704,0.07291741090014803,0.4973462339123044,1.291981190443039
1.552,1.662123401920394,1.1755774863072053,0.18344034769888487,0.0724379294280566,0.4973809589258016,1.2494929134845734
1.568,1.6697995617726233,1.1769211001612518,0.18521645258231922,0.07190355344979649,0.49741939145590097,1.2756595015525818
1.584,1.6774726960176936,1.1782773679392475,0.18701409217174464,0.07135995300668796,0.4974581974430861,1.2338514626026154
1.6,1.6851425951318229,1.1796451623062443,0.18885896338536745,0.07078406266370463,0.49749898943280574,1.2214373797178268
1.616,1.692808663596181,1.1810255543543202,0.19073432301966772,0.06705751054515696,0.4977550131862157,1.2695156037807465
1.6320000000000001,1.70046857718251,1.1824289670891739,0.19241969201056966,0.06648233435268791,0.4977933036118206,1.255374699831009
1.6480000000000001,1.7081253760197188,1.183837851677131,0.1942557064419082,0.06577759354541612,0.49783977233798776,1.2361471354961395
1.6640000000000001,1.7157768633491477,1.1852623315819497,0.19605093843237095,0.06511579017663882,0.49788296160151185,1.229816973209381
1.68,1.7234238792564063,1.1866971587044017,0.19790957925579186,0.06440311708108393,0.4979289849907574,1.228957176208496
1.696,1.7310656368156563,1.1881456052726764,0.19977162200328413,0.0636934907700617,0.4979743111533317,1.2196911126375198
1.712,1.7387023396210965,1.1896062014481674,0.20166831356504666,0.05950738910880071,0.498231524267069,1.1988802254199982
1.728,1.7463313864331784,1.1910917373889935,0.20332980711982693,0.058836039286046304,0.4982711565231511,1.185571402311325
1.744,1.7539568973486532,1.1925819940930547,0.20514873777509884,0.05802580343581587,0.49831839166106684,1.2232831120491028
1.76,1.761576612538669,1.1940885256102614,0.20690520198288148,0.05727500799616925,0.4983615794782778,1.2000108510255814
1.776,1.7691919547607484,1.19560524147749,0.208719620759935,0.05647517885415443,0.49840697179331017,1.190006211400032
1.792,1.776802356782487,1.1971358427266607,0.21052336412670375,0.055688035285651694,0.49845102356313453,1.2157923728227615
1.808,1.784408435169559,1.1986785862029277,0.21235285442676416,0.054880917198650625,0.49849555379540467,1.1871672421693802
1.824,1.7920102057450538,1.2002347473326553,0.21418620092186866,0.050261002209305516,0.49873797905803213,1.1997032910585403
1.84,1.7996053300760684,1.2018167573584928,0.2157572999811692,0.049544929052967035,0.4987736539326162,1.171996295452118
1.856,1.8071988096166067,1.2034031061591097,0.21748438182981683,0.04868920380045472,0.4988156170751621,1.100398674607277
1.872,1.8147883879140454,1.2050060433895156,0.21913380843543556,0.04790433952443873,0.49885346456305074,1.1544300615787506
1.8880000000000001,1.8223759301081812,1.2066190642156647,0.22083408732751675,0.047074722413955605,0.49889280347748094,1.1626899987459183
1.9040000000000001,1.829961012096681,1.2082460683514897,0.222512550439099,0.046265633626253244,0.49893050898436603,1.1878219246864319
1.92,1.837544499664816,1.2098851629224283,0.22420830008444653,0.04152690190285169,0.4991382537358302,1.1075379699468613
1.936,1.8451235671418722,1.2115508400787567,0.22561428619041432,0.040831407319510404,0.4991668612466179,1.1029460281133652
1.952,1.8527038946131014,1.2132199329159579,0.22718049135821,0.03999083901520217,0.49920079258247546,1.1030933260917664
1.968,1.8602829255425957,1.2149055545004503,0.22865601722761175,0.03923134375238613,0.4992308455566273,1.1635877937078476
1.984,1.8678627008859703,1.2166006487689636,0.23017933002663524,0.03842826640769381,0.4992619975549591,1.164647713303566
2.0,1.8754426447799242,1.2183093380702061,0.23167258170082783,0.037651541525128174,0.4992915155969424,1.1515379697084427
2.016,1.8830235905550414,1.2200295091371216,0.23317809190521543,0.03686320545489252,0.4993208597523895,1.1234121024608612
2.032,1.8906055203090188,1.221762485650216,0.23467144957262157,0.03203673411630881,0.49948699937607505,1.1469916999340057
2.048,1.8981855957457459,1.2235212790590917,0.23587156265957057,0.03139961413889791,0.49950719410622435,1.135641559958458
2.064,1.905769495883268,1.2252828201433363,0.23722504336846484,0.03062262775464797,0.4995312738774273,1.1243333667516708
2.08,1.913354289778817,1.227060007253808,0.23848324633417572,0.029929600435917525,0.4995522432301623,1.1055119335651398
2.096,1.920941788855723,1.2288457336554806,0.23978373192166358,0.02919680394924118,0.4995738944185986,1.1025277525186539
2.112,1.9285310646760725,1.2306439659179813,0.24104950107189688,0.028493290407833882,0.49959417604380935,1.1469706892967224
2.128,1.9361226263094018,1.2324524847976006,0.2423227281942783,0.023816545628562835,0.4997164396976773,1.099442020058632
2.144,1.9437128178467464,1.2342857901923674,0.24329170557628593,0.023270349786964406,0.4997292942788995,1.104932427406311
2.16,1.9513073343949947,1.2361201058990265,0.24441530276458742,0.022582292059105225,0.4997450633829174,1.0964202880859375
2.176,1.9589027288875203,1.2379685425590332,0.24543833246874608,0.021982201010392277,0.49975843033333295,1.0731801390647888
2.192,1.9665005825904678,1.2398236968381444,0.24650225112857482,0.02134274087893484,0.4997722782857401,1.0856112837791443
2.208,1.9740995895251379,1.2416895203328489,0.2475281413246238,0.020734709956212072,0.49978506670612577,1.1029785871505737
2.224,1.9816999777267141,1.2435636270280614,0.24855948058062086,0.01630621503788765,0.49986706545830145,1.0697834938764572
2.24,1.9892978249524913,1.2454598893982496,0.2492950813633482,0.01586408330849709,0.4998741759862622,1.0961666703224182
2.2560000000000002,1.9968984921613595,1.2473553105704394,0.25017810148874037,0.01528605670949279,0.4998831773346278,1.0459685325622559
2.2720000000000002,2.0044983161135295,1.2492624193421182,0.25096228852700875,0.01479407343754735,0.49989057567894873,1.1104129254817963
2.2880000000000003,2.0120986292332677,1.2511740002093137,0.2517843447104987,0.014264978311255838,0.49989826209803906,1.0564856976270676
2.3040000000000003,2.0196979484168804,1.2530937775436066,0.25256819077484177,0.013767075631168524,0.49990523980121815,1.0689353942871094
2.32,2.0272963376280027,1.2550193845870412,0.25335592216417135,0.013262524704401812,0.49991205787559445,1.0890094935894012
2.336,2.034892988671231,1.2569518232799548,0.25412398193829006,0.009088959094413873,0.4999586965486569,0.9922048449516296
2.352,2.0424843987294667,1.258902498931632,0.25461798917307277,0.008765881160503586,0.49996158064781143,1.0682722181081772
2.368,2.0500755185979536,1.260850238736615,0.25524666782387356,0.008318422027811412,0.499965402725494,1.0262034833431244
2.384,2.0576628566672293,1.262806509667902,0.2557830862268854,0.007950965649961006,0.49996839173869384,1.0651499778032303
2.4,2.065247660300282,1.2647646599716542,0.25635338955066,0.007549960162398506,0.4999714995923051,1.083410233259201
2.416,2.072828584703277,1.266728098455565,0.2568875432509067,0.007178242311049576,0.49997423686116693,1.0316140949726105
2.432,2.080405782390028,1.2686946541333568,0.25742445771330014,0.0033813602538135257,0.49999428322320477,1.0258899629116058
2.448,2.0879756474653495,1.2706766307822592,0.2576943803205772,0.003180060644376148,0.49999494362419383,1.031290590763092
2.464,2.095543262803551,1.2726534742282225,0.25809627894160936,0.00285704504500206,0.49999591865791043,1.0463367402553558
2.48,2.103105412477755,1.274636400354194,0.2584087712593977,0.002611876239179356,0.49999658905901195,1.0286741703748703
2.496,2.1106635830065663,1.276619000004208,0.25875505693031375,0.00233357494021158,0.49999727721894155,1.0247858613729477
2.512,2.1182167351068872,1.2786046676429126,0.2590668636039217,0.002083459218604755,0.4999978296019827,1.0171281546354294
2.528,2.125765326715829,1.2805913718964574,0.2593822482867073,0.0018273353522264557,0.49999833042461356,1.0406581312417984
2.544,2.1333090773673478,1.2825801154821543,0.2596801857452614,-0.0015924886534093297,0.4999987319910163,1.0349959880113602
2.56,2.1408454098964036,1.2845807847404962,0.2597419523849875,-0.0016746313786160094,0.4999985978061837,1.0114920139312744
2.576,2.148379239153878,1.2865752950811635,0.25992116273456195,-0.0018647297237075477,0.4999982613935439,1.0261191427707672
2.592,2.1559080764764835,1.2885736769978213,0.26002172631856907,-0.001986175121722944,0.49999802755678663,1.0085410624742508
2.608,2.1634336369715665,1.2905703636028218,0.26015287764502204,-0.0021372737497440397,0.49999771603393695,0.9938324242830276
2.624,2.170955383366117,1.292568469553511,0.2602541938803371,-0.002263813118097424,0.4999974375794605,0.9809806942939758
2.64,2.178474108283158,1.2945663034379993,0.2603594583617491,-0.005251378957507491,0.49998621163627016,0.9978753328323364
2.656,2.185987363508261,1.2965745117773237,0.26023941609933154,-0.005219173053009563,0.49998638023998837,0.9302902966737747
2.672,2.1935002080956614,1.2985757082198477,0.2602358213198434,-0.005293387184510223,0.49998599015690987,0.9070459753274918
2.688,2.20101045532211,1.3005798375520072,0.26015603006451066,-0.005300408535478862,0.4999859529662266,0.9872797876596451
2.704,2.208520053934789,1.3025814129578914,0.2601091619564048,-0.005338490352236214,0.49998575039574905,0.9911646693944931
2.72,2.2160286603144064,1.304583633099294,0.2600346460632702,-0.005353254287492781,0.49998567147114,0.9954831749200821
2.736,2.2235372330790795,1.3065848500670927,0.2599665839066056,-0.007906207731317227,0.49996874659086005,0.9513597935438156
2.7520000000000002,2.2310437682262814,1.3085945568549708,0.25970253747320676,-0.00777902359808369,0.4999697440062334,0.9850838780403137
2.7680000000000002,2.23855282477626,1.3105975740918758,0.2595411000997628,-0.007745113498292433,0.49997000720818013,0.9669513255357742
2.7840000000000003,2.2460626210666534,1.31260250958365,0.2593168153530988,-0.007655310289547135,0.49997069868458127,0.8874756842851639
2.8000000000000003,2.2535748719542688,1.3146047423760532,0.2591219771379699,-0.007592756210605955,0.4999711755804783,0.9422442317008972
2.816,2.2610893180178335,1.3166069903683026,0.2589056406892922,-0.007511694231375543,0.4999717877555236,0.9432899951934814
2.832,2.2686067529760674,1.3186078785957984,0.25869639269748873,-0.007437807689739451,0.49997234001845003,0.9936657547950745
2.848,2.2761273327816807,1.3206082905574479,0.25847861521908105,-0.00959017052988731,0.49995401572437537,0.9648627042770386
2.864,2.2836495288354874,1.3226152987996733,0.258099181669158,-0.009382592987481342,0.4999559847660368,0.9388939291238785
2.88,2.2911770072324296,1.3246161589142988,0.2578076719973115,-0.009254275709151827,0.49995718041295,0.9340238571166992
2.896,2.298708107835643,1.3266180503431992,0.25746582628498044,-0.00908070914448933,0.4999587714939596,0.9570632874965668
2.912,2.306244041941511,1.3286170577707348,0.2571507929664934,-0.008931304801346407,0.49996011695775594,0.9094827622175217
2.928,2.3137843418684834,1.330615404676382,0.25682001698892687,-0.008767879181836857,0.4999615631322953,0.9562773257493973
2.944,2.3213293826414656,1.332611878327449,0.2564974020217196,-0.010536471189785068,0.49994449344154046,0.9368618577718735
2.96,2.3288772887497142,1.334613587409018,0.2560302562552777,-0.010261256188414336,0.4999473551584745,0.9488623589277267
2.976,2.3364310535220203,1.336608859896255,0.25564555263085537,-0.010059706686615932,0.4999494028574956,0.9615730494260788
2.992,2.3439888465519862,1.3386041631453747,0.255217556181064,-0.009818512471906793,0.4999517999553286,0.9069719910621643
3.008,2.351551422556589,1.340595862902192,0.2548164310613409,-0.009600827327101769,0.4999539134733658,0.9376050531864166
3.024,2.3591180191043777,1.3425859126233797,0.2544034756744532,-0.009371887630844622,0.49995608514685386,0.9520267695188522
3.04,2.3666886363186896,1.3445731404017516,0.25400043073147993,-0.009151194916302341,0.4999581289846421,0.9319449216127396
3.056,2.374262778590174,1.346558091287755,0.25359544075026963,-0.010573279570220251,0.49994410496252595,0.9166811406612396
3.072,2.3818387311560953,1.3485458388577864,0.25307591168309473,-0.010252333621478815,0.49994744666899527,0.9531837701797485
3.088,2.3894185354011275,1.3505268390893757,0.25262613876900675,-0.009992867653889181,0.4999500729599207,0.926208570599556
3.104,2.3970003803441227,1.3525062768097205,0.2521440417732889,-0.00970295407189381,0.49995292781840706,0.9274871647357941
3.12,2.4045845498275993,1.3544811468249351,0.2516865894173622,-0.00943381505159957,0.4999555028868442,0.9048495441675186
3.136,2.4121701391562103,1.356452984533635,0.25122236462086367,-0.009157243041959084,0.4999580736218685,0.9329646825790405
3.152,2.4197568856412284,1.3584207995124653,0.25076901846142663,-0.010269997441656464,0.499947265430335,0.8780639618635178
3.168,2.4273429821564694,1.3603896109268665,0.250216719527245,-0.009913236705065831,0.4999508654785665,0.8999934792518616
3.184,2.4349300853637796,1.362350960081541,0.24972890299147402,-0.009612618865756595,0.4999538002022885,0.9380923211574554
3.2,2.442516518360908,1.3643094433678162,0.2492150230019982,-0.009286529364136431,0.4999568814257158,0.925016850233078
3.216,2.4501024776130977,1.3662624139366866,0.24872559516990617,-0.008980423108765123,0.4999596770843988,0.8892299234867096
3.232,2.4576871600889327,1.368211256748523,0.24823274124433486,-0.008669243115627445,0.4999624230532901,0.8982209861278534
3.248,2.4652703651910812,1.3701551298890755,0.24775210473343606,-0.009513227945947555,0.4999547506120949,0.9237925708293915
3.2640000000000002,2.4728506481311006,1.3720982625935032,0.24719196090025347,-0.009136688977577911,0.4999582616187102,0.9144233167171478
3.2800000000000002,2.4804294517460033,1.374033669886031,0.2466884297543712,-0.008808727074540279,0.49996120416711576,0.92508465051651
3.2960000000000003,2.4880055185670282,1.3759652366532578,0.2461660740876861,-0.00846129050967015,0.49996420413571735,0.8647596836090088
3.3120000000000003,2.4955791664558897,1.3778908295759673,0.24566695859706106,-0.00813226169814607,0.4999669338887739,0.874847024679184
3.3280000000000003,2.5031499258072545,1.379811678378914,0.2451678432202574,-0.007800735137911463,0.49996957488279925,0.8372597396373749
3.344,2.5107178529261964,1.3817271661048354,0.2446817430520044,-0.007478384789653791,0.4999720374017558,0.8664458245038986
3.36,2.5182828044983885,1.3836377238825457,0.24420151709754767,-0.008099761746548584,0.4999671976471792,0.8988789469003677
3.376,2.525844058185864,1.3855463597276998,0.24366292479077695,-0.0077233239342531235,0.49997017572671365,0.8761437982320786
3.392,2.5334030302913164,1.3874477614250278,0.24317161542141041,-0.007386656525994351,0.4999727191488611,0.8772923052310944
3.408,2.540959093200774,1.3893450590467227,0.2426690033999499,-0.007036957008224487,0.49997524102671415,0.8824947476387024
3.424,2.5485128401715826,1.3912367122943943,0.24218771710266662,-0.006703583060235108,0.49997753132364625,0.8912930637598038
3.44,2.5560642723754055,1.3931237942061379,0.24170969092410724,-0.0063702990225866785,0.49997970991964563,0.8736756443977356
3.456,2.563613798457436,1.3950059430869288,0.24124500083233782,-0.006813126612418063,0.49997679101199527,0.8669815212488174
3.472,2.571161042532766,1.3968861719958938,0.24073242062315864,-0.006440680117604458,0.4999792591066074,0.8726522326469421
3.488,2.578707519430751,1.398759987329382,0.2402630164182399,-0.006104115409412358,0.4999813701189206,0.88858462870121
3.504,2.586252985453065,1.4006301819293894,0.2397862383365543,-0.005757846144186729,0.4999834237870738,0.8626817911863327
3.52,2.5937982181716492,1.4024955079166719,0.2393301903567758,-0.0054271704479371685,0.49998527305505536,0.8676013350486755
3.536,2.601343465481337,1.4043569687707294,0.2388792621003654,-0.005098047535021966,0.4999870050682458,0.8492621779441833
3.552,2.608889294913993,1.406214320241772,0.23844211115265537,-0.0047782316943472125,0.4999885843378169,0.8658037334680557
3.568,2.616436111382621,1.4080680125551592,0.23801390322311208,-0.005084873377712462,0.4999870721427875,0.853712260723114
3.584,2.623983907453451,1.4099201918332662,0.23755218929916533,-0.0047350644941164255,0.4999887896659003,0.861387774348259
3.6,2.631534011038935,1.4117674687830553,0.23712671322379972,-0.004414740633122083,0.4999902550958806,0.8901307731866837
3.616,2.639086376522631,1.413612044961853,0.23669870389016384,-0.004088969578756263,0.4999916402104831,0.8667074143886566
3.632,2.6466416896857536,1.4154530049094762,0.23628965701795765,-0.003777067071550011,0.49999286691608935,0.8484909683465958
3.648,2.6542001902361356,1.4172911527680596,0.2358875753675219,-0.0034682436149173768,0.49999398566722875,0.868452861905098
3.664,2.6617623149933736,1.419126322463912,0.23549905492628861,-0.0036744798851575666,0.4999932491291698,0.848085880279541
3.68,2.669327923654203,1.4209605715815252,0.2350836316484253,-0.003346213615343263,0.4999944014481162,0.8357693254947662
3.696,2.676898028032009,1.4227909584935046,0.23470129627091846,-0.003044567135671361,0.4999953653197985,0.8480257540941238
3.712,2.6844724310098065,1.4246193571830519,0.2343186455590212,-0.0027394228968571355,0.49999624779048224,0.8036308735609055
3.728,2.692051525031478,1.4264449442964233,0.23395414733207798,-0.002447376317577188,0.4999970051805594,0.8490870147943497
3.744,2.6996352899803444,1.428268372639836,0.23359744297722793,-0.0021590985152375453,0.4999976691504227,0.8176174014806747
3.7600000000000002,2.7072238454309816,1.4300894517662277,0.2332541780396895,-0.0022957807748054115,0.4999973646999469,0.7875952869653702
3.7760000000000002,2.714816809354341,1.4319098368071006,0.23289090436959356,-0.001995132250336873,0.49999800972629266,0.8362805843353271
3.7920000000000003,2.722414718354259,1.4337270530839183,0.23255693115711956,-0.0017177217807957668,0.4999985247173929,0.8094287663698196
3.8080000000000003,2.7300171050228634,1.435542588595792,0.23222474626401404,-0.0014387239654478634,0.4999989650373897,0.79086072742939
3.8240000000000003,2.7376239690285566,1.437355707224147,0.23190950596943866,-0.0011717617025905902,0.4999993134875704,0.8134790509939194
3.84,2.745234964603169,1.4391668863710727,0.23160265471061953,-0.0009091198910593512,0.4999995867506257,0.7925008237361908
3.856,2.7528498557322933,1.4409759087169633,0.23130880276356378,-0.00065490641683974,0.4999997855488232,0.8192069083452225
3.872,2.76046826943263,1.4427829238036538,0.231025243313632,-0.0007570869273085812,0.499999713409747,0.8231076598167419
3.888,2.7680895624899438,1.4445890383304545,0.23072790268562887,-0.0004950585604950319,0.49999987745852087,0.7939931750297546
3.904,2.775713789371643,1.4463922247816803,0.2304558460285657,-0.00025270900779528205,0.49999996806907937,0.8404646813869476
3.92,2.783340231326787,1.4481936004430764,0.2301872177048093,-1.0330715796147416e-05,0.49999999994663813,0.8070103079080582
3.936,2.790968555965294,1.4499925249560115,0.22993399868051737,0.00022131942828762519,0.4999999755088557,0.8103201538324356
3.952,2.7985981845513104,1.4517893250757963,0.22968936788305475,0.0004483900028837695,0.4999998994732094,0.8031845092773438
3.968,2.8062286537409253,1.4535837841922064,0.22945694455000254,0.00036421716542811566,0.49999993367293116,0.8189854025840759
3.984,2.8138591884425765,1.4553770019203234,0.22921252750933865,0.0005941806488634072,0.499999823474699,0.7720307260751724
4.0,2.8214897090755704,1.4571671148243373,0.22899164782422524,0.0008058543793127981,0.49999967529943,0.7437552511692047
4.016,2.8291194776181445,1.4589551258974467,0.22877438726302396,0.0010172093032414509,0.4999994826427952,0.8041692525148392
4.032,2.8367481451495835,1.460740450230975,0.22857162717469373,0.0012184628189046975,0.49999925767454684,0.7808317244052887
4.048,2.8443751815825653,1.462523390848899,0.22837713467065293,0.001415233854365816,0.49999899855723734,0.7783617824316025
4.064,2.8520002023113444,1.4643037662691878,0.22819418116090995,0.00160460636280213,0.49999871262031514,0.8013644814491272
4.08,2.8596227966193166,1.4660816749216705,0.22802075764901028,0.0015112926526734682,0.49999885799812843,0.7162430882453918
4.096,2.867242416597168,1.4678580005624564,0.22783767946678296,0.0017016415794213202,0.49999855220936495,0.7898621261119843
4.112,2.8748591320724426,1.4696311793918748,0.2276755852217769,0.0018757782840066461,0.499998240729978,0.7774052023887634
4.128,2.882472492119321,1.4714021260078947,0.22751725662825076,0.0020492250899684095,0.49999790034120434,0.7777001708745956
4.144,2.8900824188452363,1.473170395727343,0.22737205816270517,0.002213569376600333,0.49999755005930896,0.7684613764286041
4.16,2.8976887158131053,1.4749363167189058,0.2272345848598074,0.00237368029586138,0.4999971828262175,0.7897605001926422
4.176,2.9052913439652475,1.4766998065933392,0.22710763485201216,0.002267505048150209,0.49999742921483425,0.774746909737587
4.192,2.9128900696722284,1.4784618989340284,0.2269706152138863,0.002426390993398808,0.4999970563191505,0.7562673091888428
4.208,2.9204852981667155,1.480221135095416,0.2268535502396799,0.002569707544227029,0.49999669830883603,0.7667460292577744
4.224,2.928076935400604,1.4819784861475944,0.2267395521322231,0.0027126886704640363,0.49999632066911354,0.7425167411565781
4.24,2.935665254985509,1.4837335915459855,0.2266377929559551,0.0028470880440853996,0.49999594705578554,0.7473943382501602
4.256,2.943250413057441,1.4854868476519658,0.22654296638359736,0.002977688926703248,0.4999955666974307,0.748036801815033
4.272,2.950832712596938,1.487238246388749,0.22645780878065896,0.0028508387044090533,0.4999959363703495,inf
4.288,2.9584122566218882,1.4889888611270417,0.2263623610477293,0.0029796465437152975,0.49999556086637464,inf
4.304,2.96598974843682,1.490737348989141,0.226285600596576,0.00309374403730045,0.499995214389184,inf
4.32,2.9735653896024536,1.4924847099987577,0.226211217887254,0.003207852961129909,0.4999948548573383,inf
4.336,2.981139711090454,1.4942306504114633,0.22614808020088936,0.003313997760244547,0.4999945087295254,inf
4.352,2.9887131011898034,1.495975602631979,0.22609105542668637,0.0034168083820653727,0.49999416273295605,inf
4.368,2.9962860573395447,1.4977195996101242,0.2260427940704826,0.003513924121617773,0.4999938261940445,inf
4.384,3.003859034943412,1.499462898988548,0.22600160940079123,0.0033491671423768743,0.4999943915606961,inf
4.4,3.011432320665574,1.5012065020351146,0.22594946355970405,0.0034456160668963065,0.49999406388845147,inf
4.416,3.0190067243702368,1.5029491084288966,0.22591476321544401,0.003528232602975301,0.49999377581317683,inf
4.432,3.0265825153488812,1.504691711817446,0.2258814668868097,0.0036114829669422477,0.4999934786237422,inf
4.448,3.0341602388802054,1.506434015036382,0.22585838123106672,0.0036874576758956223,0.49999320135875874,inf
4.464,3.041740251238238,1.5081764221813287,0.2258406388895547,0.0037605427848883544,0.49999292919231264,inf
4.48,3.049322965687302,1.5099189391511465,0.22583091256873145,0.0035675911177661668,0.4999936361738072,inf
4.496,3.0569084886271987,1.5116627292147191,0.2258072262363263,0.0036408028165428874,0.4999933723067099,inf
4.5120000000000005,3.0644975078747847,1.5134062249810007,0.2258022894706174,0.0036987420031815432,0.4999931596849904,inf
4.5280000000000005,3.0720900418284387,1.5151505492324149,0.2257965312577174,0.0037590612297737636,0.499992934762614,inf
4.5440000000000005,3.0796864245186493,1.5168952110954765,0.2258013301267573,0.0038115244828551553,0.49999273617573403,inf
4.5600000000000005,3.087286716764827,1.5186406531703946,0.2258097378443595,0.0038623865506748345,0.4999925410221578,inf
4.5760000000000005,3.0948910506710696,1.5203867424093915,0.22582565490767254,0.003908160146549378,0.4999923631810154,inf
4.5920000000000005,3.102499422831499,1.5221336631151252,0.22584656049689836,0.0036754398768685803,0.49999324560127056,inf
4.6080000000000005,3.1101115874593246,1.5238823790277798,0.22585240058850345,0.003723701024430426,0.49999306705738433,inf
4.624,3.1177278406237625,1.5256312239845302,0.225875857353162,0.0037574689962998065,0.49999294074659323,inf
4.64,3.125347799519088,1.5273812184388356,0.22589741146845704,0.003794328479277187,0.4999928015702409,inf
4.656,3.132971387638783,1.5291317922611323,0.22592796376325597,0.0038244833028895364,0.49999268669938945,inf
4.672,3.140598269810291,1.530883256342479,0.22596114965922337,0.0038536550673335945,0.49999257470806796,inf
4.688,3.1482281774430376,1.5326354045757982,0.2260003352936265,0.018272064386623654,0.4998330844087096,inf
4.704,3.155871857577976,1.5343398385060656,0.22708809277931738,0.017546235661082932,0.49984608060377683,inf
4.72,3.163509482871545,1.5360809647422076,0.22759151506505615,0.017345541845572132,0.4998495811753442,inf
4.736,3.1711514564389773,1.5378116320001576,0.2284164662890587,0.01685383090549708,0.49985798763894856,inf
4.752,3.178791279379128,1.5395577286983726,0.22905867820403555,0.01652490907365811,0.4998634761177105,inf
4.768,3.1864318291810294,1.5413046035688107,0.2297974492902088,0.016107973684331256,0.4998702778120091,inf
4.784,3.194070737054557,1.5430601227430727,0.23047698954780269,0.03711303929403531,0.49931162729399753,inf
4.8,3.2017252939051217,1.5447479678011486,0.23273401359444432,0.03558970927954741,0.49936695364237604,inf
4.816,3.2093650630170085,1.546495575634847,0.23409335473046686,0.03486999006046654,0.49939228826535037,inf
4.832,3.2170062409875664,1.5482316212930227,0.23592810067303896,0.033715942406552735,0.49943183295353594,inf
4.848,3.224638914745606,1.54999510596974,0.2374738340174253,0.03281594365926388,0.4994617501737589,inf
4.864,3.2322678146083956,1.551763841043547,0.23915394976563104,0.031789502848822426,0.4994948839408395,inf
4.88,3.23988954583766,1.5535496396526347,0.24073228026682564,0.030848608555491985,0.4995243325913305,inf
4.896,3.2475053275012797,1.555345476656269,0.24233921508830436,0.04913548760911546,0.49879382308701603,inf
4.912,3.2551296488214914,1.5570905778472413,0.24529921511603373,0.04714793628722358,0.49888935937594103,inf
4.928,3.262735043987152,1.5588948196731534,0.247463036216247,0.045867447270918404,0.49894882611186886,inf
4.944,3.2703364196013234,1.5606964893972544,0.2500227665988977,0.04422012776409634,0.4990229272618342,inf
4.96,3.277924947087403,1.562529117977344,0.25231462884509526,0.0428032267880627,0.4990845011932638,1.995190680027008
4.976,3.2855052353158163,1.5643734440576185,0.25470615485454173,0.041286753249773156,0.4991481861675776,inf
4.992,3.293074497670969,1.5662395663987985,0.2569922489767415,0.056808834215725135,0.49838811328101973,inf
5.008,3.3006488949415718,1.568065072023944,0.26051634370876153,0.054405866645725,0.49852146052608254,inf
5.024,3.3082019014529096,1.5699512475848265,0.26328549285012415,0.05266917621924083,0.4986142610155242,inf
5.04,3.3157485319488407,1.57184109254066,0.26640516060001457,0.050602231213237925,0.49872079949171594,inf
5.056,3.3232805084607553,1.5737654919063244,0.2692598016827121,0.04875927906720845,0.498812208112302,inf
5.072,3.330802790696295,1.5757066279608,0.27219029473054174,0.046834068484349345,0.4989040866359692,1.9813449680805206
5.088,3.338313052794346,1.5776737888449488,0.27500645502515747,0.0597793018390802,0.4982153449163304,1.9596140086650848
5.104,3.3458268685527752,1.5796124137103407,0.2788859308558183,0.05708190129926294,0.4983725969704848,1.9764092564582825
5.12,3.3533198907543715,1.5816106370995886,0.2820859101822206,0.054979683642213395,0.49849013943166254,1.941998153924942
5.136,3.36080656911123,1.5836187856180364,0.28557324197196177,0.052600624342907576,0.49861786257616514,1.992553025484085
5.152,3.3682795544519233,1.5856637208089261,0.2888096511961725,0.05042965885224149,0.49872950232431335,1.9128486514091492
5.168,3.3757438698308206,1.587729890427282,0.29209335393095154,0.04819873097552074,0.49883934036689104,1.9799450039863586
5.184,3.3831976844551757,1.5898253553272585,0.29525808984754026,0.04605711819286373,0.49894012067581645,1.9446814060211182
5.2,3.39064310407257,1.5919451213602493,0.29839577971461306,0.0567959386009842,0.4983888442081111,1.8871711194515228
5.216,3.398093035095161,1.5940490828040894,0.302389238195311,0.053957991813848416,0.498545679782683,1.9397298991680145
5.232,3.405525991393387,1.5962096858360062,0.30579936716905837,0.051625301096258625,0.4986685975794598,1.8572688102722168
5.248,3.412955212632977,1.598386029778501,0.3094246992945765,0.0490785293684981,0.49879661564126937,1.8929430842399597
5.264,3.4203743526944352,1.6006001510198122,0.31282090439686566,0.046717407256091636,0.4989095355947622,1.9051019847393036
5.28,3.427788090444424,1.6028391907684267,0.3162343607214605,0.04432072022602984,0.49901847980717695,1.882731020450592
5.296,3.4351949067125225,1.6051096968294765,0.31952794428429465,0.05306127814810013,0.4985935710574371,1.8757711350917816
5.312,3.442608668278522,1.6073711943263964,0.3235795442400206,0.05011024838228817,0.49874553203621785,1.8552166223526
5.328,3.4500084364886137,1.609688924568029,0.327086496139461,0.04762764834064015,0.4988666608984766,1.8626660108566284
5.344,3.45740693088522,1.61202587882451,0.3307719124977089,0.04496179415592394,0.49898989946902567,1.8251292407512665
5.36,3.4647978299360083,1.61440178908411,0.33423369570186906,0.04247446651757247,0.49909850216751567,1.833140105009079
5.376,3.4721854457526673,1.6168049047601927,0.3376950784503298,0.039965068116647906,0.49920182175287076,1.833060383796692
5.392,3.479568043794906,1.6192409506818661,0.34103208228267773,0.046987467349414835,0.49889690112998836,1.8449048697948456
5.408,3.4869580846573256,1.6216751172226496,0.3449989500540834,0.04402291083694099,0.49903161748376235,1.7766311764717102
5.424,3.4943361196927913,1.6241627708387418,0.3484800262984952,0.04147206926616809,0.4991405266503258,1.7800819873809814
5.44,3.501713445818946,1.6266721345920656,0.3520949261342271,0.03877621287089594,0.49924857938165906,1.7689208686351776
5.456,3.50908395027633,1.629219749031924,0.35549940160623095,0.03624512440580663,0.4993434330666005,1.7963682115077972
5.472,3.5164511937389724,1.6317953319471274,0.35888487204052316,0.033706615344644586,0.4994321471425545,1.7925113439559937
5.488,3.523813213210678,1.634403463600182,0.3621453231357562,0.031255596017343734,0.4995117028976847,1.7420613765716553
5.5040000000000004,3.5311710459154995,1.637040452824321,0.36534006172852657,0.03693687782594557,0.4993181437058695,1.713474690914154
5.5200000000000005,3.538533939322652,1.6396809834830348,0.3690243019033149,0.034096275089596784,0.4994189472336596,1.7164869606494904
5.5360000000000005,3.5458845787259587,1.642369238835803,0.37229273001027774,0.03160433875862312,0.49950074914197473,1.7196539044380188
5.5520000000000005,3.5532323275100355,1.6450792943588795,0.3756484761546296,0.029007741701783996,0.4995793934535346,1.6956712305545807
5.5680000000000005,3.560571491787858,1.6478240734744034,0.37881238386262617,0.026557368507180268,0.49964743598775335,1.685497760772705
5.5840000000000005,3.5679047500224947,1.650594941558814,0.3819400264506021,0.024113333326952535,0.49970932992146505,1.7588545382022858
5.6000000000000005,3.575230039347686,1.6533952067823274,0.38494560013037693,0.028667932326879253,0.49958918738871366,1.736469715833664
5.6160000000000005,3.582556860998473,1.656199414810132,0.3883792977483629,0.025932767466015694,0.49966382115694913,1.7270705103874207
5.632,3.5898686076880084,1.6590466950573175,0.3914261873414374,0.023519466468336248,0.4997234683434032,1.6918374598026276
5.648,3.597173926974515,1.6619136866539854,0.39453950387190395,0.021019332646002198,0.4997791263586666,1.6394035518169403
5.664,3.604467306829269,1.6648116767867167,0.39746808841008074,0.01865828892586663,0.49982595432552723,1.6816619038581848
5.68,3.611751168035725,1.6677327558151211,0.40035223378226836,0.0163100885700449,0.49986700229935077,1.669258028268814
5.696,3.6190235173690115,1.6706796784421183,0.40311487621328473,0.014043667559740403,0.49990139418348895,1.6767781972885132
5.712,3.626284865190968,1.6736493080279686,0.4057997565283869,0.01779489632225495,0.499841687543818,1.5903659164905548
5.728,3.633542483832439,1.676622923862888,0.4088171725374919,0.015286773518116359,0.4998831663789005,1.6775436699390411
5.744,3.640782174890578,1.679631960478202,0.4115002724812494,0.013052855064906943,0.49991481632527246,1.6353654861450195
5.76,3.6480114697939907,1.6826573446082218,0.41422034652622475,0.010758577791778468,0.4999421287348092,1.6613024473190308
5.776,3.6552258256108683,1.6857080569794043,0.41677207575924907,0.008588513193783953,0.49996311962737033,1.6158173978328705
5.792,3.6624275367785826,1.6887775790034212,0.4192705653130236,0.006439163244917001,0.49997926887487865,1.6347858309745789
5.808,3.6696151755941075,1.6918680498961742,0.4216530063827045,0.009541303007954749,0.49995448314971136,1.6095805168151855
5.824,3.6767967749978507,1.6949606717174288,0.42433096933772746,0.00722046135377763,0.49997393292192693,1.5680955350399017
5.84,3.683959289719097,1.6980838914941918,0.4266966170219176,0.005154960220668858,0.49998671331025407,1.59730926156044
5.856,3.691110213335389,1.701220543987291,0.42908872748363386,0.0030393193112585593,0.49999538128328386,1.568516194820404
5.872,3.698245678166879,1.7043788426345032,0.43132028385898585,0.001041819213779327,0.4999994573065592,1.5933048725128174
5.888,3.705368274832036,1.7075530008518616,0.4334964592120736,-0.0009321645920237209,0.4999995655347125,1.5761084854602814
5.904,3.7124771002904797,1.710745079025592,0.4355601782054309,0.0017031903931941095,0.4999985495726447,1.581851989030838
5.92,3.7195798928925212,1.7139387536935122,0.43787360014427806,-0.00039842661357170073,0.499999920628121,1.5717147290706635
5.936,3.7266653125857045,1.7171589043548687,0.4399042675489096,-0.002269893677511625,0.4999974237957709,1.562260091304779
5.952,3.7337405761718374,1.7203907089897608,0.4419493233596245,-0.0041793192343000385,0.4999912666962164,1.528751403093338
5.968,3.740802633150312,1.7236414555472241,0.4438450916590229,-0.005979344844274426,0.4999821239306566,1.5199567377567291
5.984,3.7478542444361205,1.7269062307703154,0.44568397674054705,-0.007753177192299177,0.49996994472394474,1.5432266891002655
6.0,3.7548949989458267,1.7301869600685804,0.44741617340197065,-0.009456257981092175,0.499955290925162,1.5091776847839355
6.016,3.7619263154709186,1.7334818302152164,0.449070898500409,-0.0070226779150006635,0.49997534140282596,1.5303906798362732
6.032,3.7689547747858843,1.7367784735843097,0.4509304503142925,-0.008831983627197282,0.4999609990466962,1.4990170300006866
6.048,3.775970763148464,1.740098167625049,0.4525404351871009,-0.010439745423942437,0.4999455078374539,1.4901956915855408
6.064,3.782980971158591,1.7434284229428934,0.45415477983933594,-0.012074872242013868,0.49992710227316406,1.512889415025711
6.08,3.7899830093954625,1.746775536734567,0.4556339668155497,-0.013611973512632769,0.49990736281021037,1.5190979838371277
6.096,3.7969795460516167,1.7501354031821612,0.4570570933694143,-0.015122256018798907,0.49988566740214246,1.4957314729690552
6.112,3.803970410210377,1.753509713298469,0.4583818469524841,-0.01285298587676964,0.4999174049253907,1.4825288951396942
6.128,3.810962678371114,1.756885456560823,0.45990294310843394,-0.014435206908679277,0.49989581963725466,1.4916113018989563
6.144,3.8179469614504273,1.760282895943723,0.46118749527105996,-0.015825930348244643,0.4998747804189983,1.5035581588745117
6.16,3.824929705267337,1.7636901514247882,0.4624775665413711,-0.017243478864414907,0.4998513459526798,1.5003052353858948
6.176,3.831908468618356,1.7671131896297823,0.4636402977228808,-0.018568417059755316,0.4998276267559472,1.4424018561840057
6.192,3.8388856819244754,1.770548053326467,0.4647511468235235,-0.01986872100081616,0.4998026429349044,1.4639584720134735
6.208,3.8458609720902266,1.7739962765406032,0.4657698712102816,-0.021108505593130378,0.4997772485824702,1.5080499649047852
6.224,3.8528354303924015,1.7774563170179776,0.46672049740535076,-0.01880298538219005,0.49982324470257655,1.4487376809120178
6.24,3.85981471245526,1.7809174822741216,0.46784580061815684,-0.020109600378222847,0.499797829240869,1.4874915778636932
6.256,3.866789924204866,1.7843977377776667,0.4687579567492704,-0.021244381170981264,0.4997743720811399,1.3965223729610443
6.272,3.8737666047171215,1.787886276934918,0.4696739980544167,-0.02240287026688481,0.49974909768112047,1.478016972541809
6.288,3.8807421525637533,1.791388236185544,0.47047497991756904,-0.023478278930317842,0.49972443584785514,1.4472992718219757
6.304,3.8877183798746975,1.7948998623281742,0.4712286175055052,-0.024531548625316812,0.4996991619160925,1.4464344084262848
6.32,3.894694526934555,1.7984222991072127,0.4718989525729579,-0.02222341818288731,0.49975310049241833,1.4312079548835754
6.336,3.901676375864681,1.8019437526416233,0.47274759464648836,-0.02332563817392641,0.49972800663646355,1.4516450464725494
6.352,3.9086546291369446,1.8054817619925134,0.47339130385152495,-0.024261441046781407,0.49970574897973274,1.4010640978813171
6.368,3.9156344096571045,1.809025510752981,0.47404455874364143,-0.025224151428498764,0.49968193855730036,1.4230477809906006
6.384,3.922612733420583,1.8125798995652977,0.4745898162635493,-0.026108110918332983,0.4996592607024618,1.3616082072257996
6.4,3.929591034876034,1.8161410789430739,0.4750939990681286,-0.02697353750926279,0.49963630235532913,1.4151696860790253
6.416,3.9365682118339067,1.8197100355811466,0.47552157138456086,-0.024623699007609634,0.49969689799061956,1.3759522140026093
6.432,3.9435495266060796,1.8232753536130342,0.47612356967351044,-0.025533564603597902,0.49967408937576746,1.3524344563484192
6.448,3.9505257509416256,1.8268536258807662,0.4765333573120711,-0.026286267722188672,0.4996545956300545,1.4058922231197357
6.464,3.9575015641101334,1.8304344353345376,0.47695617005613716,-0.027066904180533147,0.4996337807949885,1.4014141261577606
6.48,3.9644738925641785,1.8340223670894513,0.4772795676692987,-0.027774262701148356,0.4996143943343162,1.3725756108760834
6.496,3.9714439491758755,1.837613689412645,0.4775676104765933,-0.028465986468174886,0.4995949532297344,1.3747751712799072
6.5120000000000005,3.978410556304791,1.8412093043627915,0.47778631996645915,-0.02911165359102741,0.4995763755051631,1.362551897764206
6.5280000000000005,3.985373869185338,1.8448075643330828,0.4779561693584572,-0.026581580139225736,0.499646793000123,1.3619352877140045
6.5440000000000005,3.992338323300253,1.8483986629959173,0.47829581702724916,-0.02728187226235601,0.49962794204432026,1.3473758101463318
6.5600000000000005,3.999295161674614,1.851998264429239,0.47845824937076653,-0.027836381216753914,0.4996126679991069,1.3792885839939117
6.5760000000000005,4.0062488683199025,1.8555966127838506,0.47863772061961635,-0.028420165302008193,0.4995962558218363,1.340804100036621
6.5920000000000005,4.0131966355881,1.85919811979412,0.47872781481791904,-0.028937481640100682,0.49958142793205906,1.3411352038383484
6.6080000000000005,4.02013976738541,1.8627993873792206,0.4787891605875147,-0.029442834678456542,0.49956668497554374,1.3881899416446686
6.6240000000000006,4.027077313909396,1.8664014929284662,0.4787877152439375,-0.026834872067083904,0.49964003123876205,1.3338522613048553
6.640000000000001,4.034014662891061,1.8699934951743016,0.47897047742001764,-0.02739128523871326,0.4996249525577407,1.2929502129554749
6.656000000000001,4.0409430280900835,1.8735918497198378,0.4789770452246067,-0.027800590019370297,0.49961366314242445,1.342604011297226
6.672,4.047867451806288,1.8771865829857068,0.47901174575024846,-0.028247078880853316,0.4996011573627892,1.2983828783035278
6.688,4.054785219551247,1.8807828236019422,0.4789574239796558,-0.02862522659796518,0.4995904100925917,1.3340330123901367
6.704,4.061698230183256,1.8843769788584894,0.47888429731337406,-0.028998201387301137,0.49957966999586334,1.2845075130462646
6.72,4.068605819381918,1.8879705543130996,0.47875483735595453,-0.029332381588884626,0.4995699290591024,1.3172487914562225
6.736,4.075508839965753,1.8915622938403027,0.4785913459185326,-0.02655672456858138,0.49964745308082115,1.2978987395763397
6.752,4.082412372770502,1.895142994692839,0.4786104102377683,-0.026960024514040892,0.499636666580674,1.3069252669811249
6.768,4.08930837900018,1.898728826340418,0.47846390101849723,-0.027224058823484665,0.49962951685194146,1.3281327486038208
6.784,4.096202176336833,1.9023104054728703,0.47834963800097674,-0.02752710274838499,0.4996212249928067,1.304735690355301
6.8,4.103091665457378,1.9058927669312706,0.4781590167314735,-0.02777149155277181,0.4996144712575097,1.2894894182682037
6.816,4.109978930691651,1.9094729888430613,0.47795366407101414,-0.028012642620942163,0.4996077485437711,1.2897215783596039
6.832,4.1168637866844975,1.913052618944091,0.47770064160218173,-0.025198212279288423,0.4996825922368387,1.23734749853611
6.848,4.123752156536566,1.916621530246998,0.47763887646453723,-0.02550412016903314,0.49967484043748644,1.277562528848648
6.864,4.130636196662583,1.9201961822181182,0.47741891451329566,-0.025675867116127016,0.4996704473526779,1.2418366223573685
6.88,4.137521360656924,1.9237674388886115,0.47723601236724317,-0.025889509306564307,0.4996649415234811,1.2316549569368362
6.896,4.144405732381364,1.9273404170501176,0.4769828302881076,-0.0260484822515914,0.4996608150115929,1.2621936202049255
6.912,4.1512914836074515,1.9309123272794388,0.47672014202535995,-0.026207464065118646,0.4996566630292813,1.2381857633590698
6.928,4.158178496298106,1.934484781788576,0.4764153348689268,-0.02338776743444093,0.49972655602949734,1.2571489810943604
6.944,4.1650725818457595,1.9380479024740214,0.4763016871026205,-0.023617717183109566,0.49972115356984076,1.2755842506885529
6.96,4.171966052392579,1.9416178440681677,0.4760378756388973,-0.023719469776991353,0.4997187461284028,1.2442199885845184
6.976,4.178864159753807,1.9451856519679014,0.47581449768978323,-0.023864940925825806,0.49971528635496126,1.2138085067272186
6.992,4.185764909000872,1.9487563129591399,0.4755266574316566,-0.023959717903724087,0.49971302088047687,1.2382066994905472
7.008,4.192670251304234,1.9523270407375999,0.47523363133149427,-0.024057140208557648,0.4997106828226731,1.2501892447471619
7.024,4.199579857495233,1.9558993385762231,0.4749034999677089,-0.024128635172737223,0.49970896096903245,1.2148139625787735
7.04,4.2064945685657396,1.9594722894402428,0.4745549918075947,-0.02124393266076341,0.49977438160649484,1.2389134615659714
7.056,4.213419150278382,1.9630372136732666,0.47439254638977507,-0.021401995349954905,0.4997710122629836,1.2383103370666504
7.072,4.220345934844627,1.9666094146833224,0.4740907933028034,-0.02144070572077439,0.49977018328821227,1.2438859790563583
7.088,4.227279535031955,1.9701801637804928,0.47383129517901695,-0.021523626746100533,0.4997684025129475,1.2454165518283844
7.104,4.23421763666488,1.9737540436947851,0.4735140201300104,-0.02156081009241273,0.49976760174897245,1.2036136537790298
7.12,4.241161653111836,1.9773281955962094,0.47319538104933995,-0.02160293847125372,0.4997666928218966,1.2135225534439087
7.136,4.248110810629867,1.9809038487214878,0.47284489524354906,-0.018770880525455613,0.49982384771245625,1.180894523859024
7.152,4.255069942940168,1.984471135265848,0.4726872829143334,-0.018896821392687446,0.4998214763218092,1.1813294142484665
7.168,4.262030868745799,1.9880454150520817,0.4723924349050961,-0.018904169731913445,0.49982133746763024,1.2032198160886765
7.184,4.268997828477539,1.991617650123838,0.4721444232262948,-0.01895882702998808,0.49982030297029906,1.1819921433925629
7.2,4.275968074730504,1.9951923209257125,0.4718416973922089,-0.01896938567763451,0.49982010278298683,1.168811097741127
7.216,4.282942646060876,1.9987663671295621,0.47154139814357354,-0.018987188799187926,0.4998197649913553,1.2137893587350845
7.232,4.2899203966427315,2.0023408882053615,0.4712125251139634,-0.018984438734432008,0.4998198171910265,1.189526841044426
7.248,4.296901320784551,2.005914649280751,0.4708730359452223,-0.016161932837084336,0.49986940733469826,1.2106391787528992
7.264,4.30388913905057,2.009479039913539,0.4707179811762153,-0.0162553401474006,0.4998678935947208,1.1775016784667969
7.28,4.310875846717886,2.0130483805902823,0.4704360960612501,-0.016238646200075202,0.4998681647734421,1.1241348832845688
7.296,4.317865120433904,2.016614039614641,0.47020085283951646,-0.016268068305364647,0.49986768664966863,1.1719851195812225
7.312,4.3248541380419585,2.0201801347908224,0.46991646929809316,-0.016257440117795507,0.49986785946279694,1.1274825781583786
7.328,4.331843673538684,2.023743713849869,0.469636757901671,-0.016255064985714274,0.4998678980667419,1.1233362555503845
7.344,4.338832509104802,2.027305765607333,0.46933244773054855,-0.013544315555320985,0.49990828136682275,1.1715222150087357
7.36,4.345824745241592,2.030856861410046,0.4692156435719363,-0.013633181505314784,0.4999070739384275,1.1564504355192184
7.376,4.352812429257138,2.0344113695029904,0.4689742635311702,-0.013613089954833235,0.49990734761448286,1.0932879149913788
7.392,4.359799297535103,2.0379607216748594,0.4687821386840682,-0.013640718185718548,0.49990697117383653,1.1118290573358536
7.408,4.366782658481567,2.0415091286780584,0.4685431847397956,-0.013629544383312986,0.49990712351121624,1.1006924510002136
7.424,4.373763452607846,2.0450537511485467,0.4683112878861907,-0.013627980456958788,0.4999071448229577,1.1440348625183105
7.44,4.380740679128349,2.0485957148812837,0.4680570411941621,-0.011056583739546433,0.49993887846872864,1.1222479492425919
7.456,4.387718459845111,2.052126178672978,0.46798256864627125,-0.011146692370663569,0.49993787819751295,1.134706437587738
7.472,4.39468953519859,2.0556589435397967,0.4677909186922461,-0.011133849696940867,0.499938021256542,1.1512897908687592
7.488,4.401657747091105,2.0591860382196505,0.4676474360926995,-0.011167211311981173,0.49993764928767,1.096150428056717
7.5040000000000004,4.408620878276124,2.062711648115151,0.4674606606039736,-0.011164356488733596,0.49993768116136006,1.1260540783405304
7.5200000000000005,4.415580178236225,2.066233269620149,0.46728182485420927,-0.011171356170235125,0.4999376029964223,1.1058498919010162
7.5360000000000005,4.4225350753654,2.0697521778385206,0.4670829084802284,-0.01116305116336802,0.49993769573241525,1.1010989546775818
7.5520000000000005,4.429486112997912,2.07326761010016,0.4668799197736785,-0.008696265986594565,0.4999621884321268,1.099453866481781
7.5680000000000005,4.436437122515285,2.0767724598769908,0.466842808896383,-0.008787202792601256,0.4999613935272216,1.0797592997550964
7.5840000000000005,4.443381916400457,2.0802796361604323,0.46669900918920193,-0.008784349463590857,0.49996141859464144,1.1022037267684937
7.6000000000000005,4.45032446910948,2.083782055604827,0.46660028834165446,-0.008824497684438715,0.49996106513096666,1.040930598974228
7.6160000000000005,4.457263197092891,2.087283799472417,0.46646264031793805,-0.0088320310204697,0.49996099862814025,1.08845554292202
7.632000000000001,4.464199680485779,2.0907827936290544,0.4663330617215931,-0.008849177376510031,0.4999608470518911,1.1116857826709747
7.648000000000001,4.471133809221885,2.094280426829124,0.4661857928165476,-0.00655676185205456,0.49997850474504546,1.0798103362321854
7.664000000000001,4.478070091336407,2.0977690101286863,0.4662052255094889,-0.006667746144053854,0.49997777091010864,1.0627243667840958
7.68,4.485002556297128,2.101261738481802,0.4661161029772964,-0.006682994648048446,0.4999776691237204,1.0629507899284363
7.696,4.491935519433021,2.104751428893938,0.4660745920867427,-0.006743333625239156,0.49997726407043275,1.0756565630435944
7.712,4.498867526094619,2.1082423948908247,0.4659941719235521,-0.006770850431086828,0.49997707814250286,1.042390614748001
7.728,4.505800334938344,2.111732572544891,0.46592317569994024,-0.006808994882181896,0.4999768191525905,1.039443463087082
7.744,4.512733912983373,2.1152234471409783,0.4658350368657658,-0.006833939722502791,0.49997664899745653,1.0623932629823685
7.76,4.519669204074224,2.118714528346497,0.46574479949946895,-0.004687419477288124,0.4999890141297825,1.0030245035886765
7.776,4.52661003080121,2.122199548523739,0.46580582958013617,-0.0048103379053920925,0.499988430413856,1.0245054215192795
7.792,4.533550965402187,2.1256905649524946,0.46576757177761435,-0.004845860829501447,0.4999882589083139,0.9905802458524704
7.808,4.540495974748262,2.1291808566414283,0.46577535104075657,-0.004924895445534094,0.4999878728004725,1.0116185992956161
7.824,4.547443492538058,2.1326746029725094,0.4657441332991393,-0.004970951809784907,0.49998764492081904,1.0352537781000137
7.84,4.554395117908563,2.1361695578765767,0.4657239671373865,-0.0050289671493866095,0.49998735485130646,1.00812666118145
7.856,4.561350516522937,2.1396671824136773,0.4656862718033193,-0.003072597606642802,0.49999527958682877,1.011890470981598
7.872,4.568313561753771,2.143160415793861,0.46579662528138266,-0.003217297423752541,0.49999482451650074,1.0452113300561905
7.888,4.575278692228988,2.146660804533548,0.46581281553679543,-0.0032791342861742123,0.4999946236584368,0.986640676856041
7.904,4.582249329716444,2.1501618580110367,0.4658713416798567,-0.00338111082797532,0.4999942840665659,1.0305627435445786
7.92,4.589223719041931,2.1536672117522695,0.46589507110303274,-0.003453818173591916,0.49999403559372807,0.9887593239545822
7.936,4.5962029200151155,2.1571747259812564,0.4659276707634274,-0.0035364814076990214,0.49999374667569607,1.0027480125427246
7.952,4.603186280580027,2.160685491204186,0.4659441464608145,-0.0036066902148617075,0.49999349592104925,1.008831039071083
7.968,4.610174024556399,2.164198683626218,0.4659591192597778,-0.0018133877126556008,0.4999983558143041,0.99983349442482
7.984,4.617168690876268,2.167708713168204,0.4661010144510901,-0.0019692280505703152,0.49999806107294875,0.9492328763008118
8.0,4.624165049911293,2.1712252742281315,0.4661617305329807,-0.002053949175185643,0.49999789064935907,0.9835561364889145
8.016,4.6311655595894266,2.1747426320787544,0.46625692529606505,-0.0021716668882980628,0.49999764193517016,0.9673319011926651
8.032,4.638168319738417,2.178263579982249,0.4663224356527082,-0.002264699373225376,0.49999743557275866,0.9669826924800873
8.048,4.645173769985786,2.1817861406722403,0.46639401401442165,-0.0023651301319436158,0.4999972030849446,0.9961088001728058
8.064,4.652180980009891,2.185310955022443,0.4664519327405441,-0.0007584580713690947,0.4999997123707321,0.9266919642686844
8.08,4.6591923559402995,2.1888319538957477,0.46663042004249616,-0.000932562297907058,0.49999956516390626,0.9843293577432632
8.096,4.666202643274301,2.1923582124978602,0.4667311689756414,-0.0010385897154772117,0.4999994606658954,0.9189417958259583
8.112,4.67321394332226,2.195884154049337,0.4668643898798445,-0.001175834071102333,0.49999930870743714,0.9645327180624008
8.128,4.680224250400335,2.1994123296061265,0.4669689313284421,-0.0012892708638907457,0.4999991688907802,0.9538993984460831
8.144,4.687233830263439,2.202940778227078,0.46707885998682674,-0.0014094973316809423,0.49999900665929387,0.9153293818235397
8.16,4.694241691530405,2.2064700504718573,0.46717536853998115,1.696447046573013e-05,0.4999999998561033,0.9542097896337509
8.176,4.70124994061719,2.209994595092535,0.467380532599598,-0.00017054945237893193,0.4999999854564423,0.9158405661582947
8.192,4.708253783702492,2.2135225976376303,0.46751435874635505,-0.00029572463588056763,0.4999999562734711,0.9431374073028564
8.208,4.715255142391778,2.217049011166325,0.46767688178662276,-0.00044876736395460526,0.49999989930393324,0.8933208882808685
8.224,4.72225226371077,2.2205761672370636,0.46781259309489637,-0.0005796835758520302,0.49999983198349474,0.9375564754009247
8.24,4.729245501350381,2.2241023388141157,0.4679524165529738,-0.0007162732181020814,0.4999997434763824,0.9248655289411545
8.256,4.736234114841675,2.2276280948817875,0.468079279117794,-0.0008432145437438088,0.4999996444947008,0.9162811189889908
8.272,4.743218056486189,2.231152776059965,0.46820277872215976,0.0004361045364964511,0.4999999049064226,0.8756515383720398
8.288,4.7501991637891035,2.234672150866266,0.46841967540841645,0.00024392353076807538,0.4999999702506561,0.9243487566709518
8.304,4.757173562754902,2.238193443757531,0.4685735832878993,0.00010648348051311984,0.49999999433063413,0.9156536310911179
8.32,4.764143251959722,2.241712437269705,0.4687514192919008,-5.4536335018617876e-05,0.4999999985128941,0.8906619250774384
8.336,4.771107073679081,2.245231325676695,0.46890496040373736,-0.0001957385343702711,0.49999998084321334,0.8948613703250885
8.352,4.778065731155219,2.248748801571255,0.4690610765436493,-0.0003412600855146053,0.4999999417707793,0.8721942454576492
8.368,4.7850190009907045,2.252265560985211,0.46920493940978386,0.0007827305459029432,0.4999996936665088,0.8859609067440033
8.384,4.791969237625714,2.2557773847096314,0.4694363613845061,0.0005819935251789587,0.49999983064178743,0.8862064778804779
8.4,4.798913183877543,2.2592912854615266,0.46960774789360477,0.00043334282952534053,0.4999999061070019,0.8866947144269943
8.416,4.805853132292684,2.2628034840089204,0.46980113483960534,0.0002628075921005113,0.49999996546608555,0.8728378266096115
8.432,4.812788381534666,2.2663162467084965,0.4699710086469168,0.00011137199663879827,0.4999999937981392,0.834004282951355
8.448,4.8197199768923715,2.269828528052751,0.47014273339390206,-4.376382350068653e-05,0.4999999990423639,0.8358319848775864
8.464,4.826648066474006,2.2733411643732135,0.470302314681724,-0.00019004860218396757,0.4999999819407646,0.8536813408136368
8.48,4.8335733607674305,2.276853982526359,0.47045762932265967,0.0008076091811890507,0.4999996738837761,0.8585020154714584
8.496,4.840498093051757,2.280363895459977,0.47068729253851854,0.0006090178077267083,0.4999998145486779,0.8575693517923355
8.512,4.847419793032655,2.2838771247527747,0.4708641368259516,0.00045593951695366286,0.49999989605958567,0.8554375171661377
8.528,4.854340756521344,2.287390559663581,0.471058855323079,0.0002847006161590393,0.4999999594727807,0.8558155596256256
8.544,4.861260644426108,2.290906286558049,0.47123224354534454,0.00013055610128986928,0.4999999914775523,0.7952091097831726
8.56,4.868180583719658,2.294423509118816,0.47140616270571106,-2.612595829187825e-05,0.4999999996587171,0.8319144695997238
8.576,4.875100874474426,2.2979430308200257,0.4715685658048858,0.0008440184380513749,0.4999996438165227,0.8188207447528839
8.592,4.882023849882091,2.3014616233842133,0.4718001598305467,0.0006440030560974641,0.4999997926300605,0.838199108839035
8.608,4.888947180812918,2.3049851368027627,0.47198162096579777,0.00048708748898329546,0.49999988137289847,0.8120660483837128
8.624,4.895872983878045,2.3085106192748297,0.4721792922429082,0.0003134893044585141,0.4999999508622296,0.7894185185432434
8.64,4.902800842627092,2.3120399821281175,0.47235639004513136,0.00015629654853865915,0.4999999877856945,0.7965251058340073
8.656,4.909731676569929,2.3155724016032404,0.47253343486783167,-2.930226921549206e-06,0.4999999999957069,0.8124041557312012
8.672,4.91666558099899,2.319108535412892,0.4726991269957126,0.0007534898143162216,0.49999971612660354,0.8154222369194031
8.688,4.923604449896517,2.3226453787677337,0.4729257048579853,0.0005565974594565759,0.49999984509965,0.8077016472816467
8.704,4.930545952674842,2.326188033071992,0.47310666517084515,0.00039874806916984085,0.4999999204999929,0.7724158465862274
8.72,4.937491708960232,2.32973371162528,0.4733012395310101,0.00022653997093113887,0.49999997433982124,0.6949051469564438
8.736,4.9444410362817175,2.3332839583105893,0.47347660231310207,6.951238520258585e-05,0.49999999758401414,0.7805898040533066
8.752,4.951394422501045,2.3368378586054095,0.47365108184830257,-8.881602002386302e-05,0.4999999960558573,0.7603712379932404
8.768,4.958351595208023,2.3403958099950004,0.4738146006732968,-0.00023942058863779536,0.49999997133889135,0.7223055511713028
8.784,4.965312595493142,2.3439574275004085,0.4739728655231305,0.0004323225109175155,0.4999999065486291,0.780441015958786
8.8,4.9722784786702565,2.347520184025076,0.4741823052736602,0.00024669221775308614,0.4999999695714754,0.7709567248821259
8.816,4.979246800985309,2.351088214491049,0.4743516738339508,9.50741569174518e-05,0.4999999954804524,0.7430305331945419
8.832,4.986218509268963,2.3546588947899556,0.4745317345427608,-6.825759700124223e-05,0.4999999976704502,0.7641089707612991
8.848,4.9931925761540334,2.3582333096541417,0.47469437516659063,-0.00021803186361069038,0.4999999762310536,0.7364103198051453
8.864,5.000168988429374,2.3618104444234924,0.47485531053468805,-0.00036836887914049044,0.49999993215218747,0.7234717160463333
8.88,5.007147096496961,2.365390414661509,0.4750059192283946,0.00022071488175967602,0.49999997564247084,0.7024519890546799
8.896,5.01412769816695,2.3689704300216685,0.4752042388359393,4.202496852556692e-05,0.49999999911695103,0.709763914346695
8.912,5.021108205357361,2.3725542107932998,0.4753645427248495,-0.00010444670874854012,0.4999999945454425,0.7335332036018372
8.928,5.028089251696912,2.376139159464192,0.4755345367886187,-0.0002617052910127704,0.4999999657551711,0.6819581985473633
8.944,5.035069655079838,2.3797261744753557,0.4756878127624293,-0.0004059882144211713,0.49999991758678936,0.7371807098388672
8.96,5.042049228465701,2.3833142088262993,0.47583914521563875,-0.0005505802463106058,0.4999998484307115,0.73418989777565
8.976,5.049027232128286,2.3869032976099436,0.47598043991990824,-0.0006882318817487132,0.4999997631684759,0.7263205945491791
8.992,5.056003246634375,2.3904928838145745,0.47611630991876536,-0.00015777584031173575,0.4999999875533922,0.724264457821846
9.008000000000001,5.0629777503049755,2.3940807204313703,0.4762925915977026,-0.0003217348030184475,0.49999994824336,0.7086682319641113
9.024000000000001,5.069948466289465,2.397669972637583,0.47643529252058103,-0.0004574278696569678,0.4999998953798794,0.7071345299482346
9.040000000000001,5.076915950672767,2.4012584008443327,0.47658560832282365,-0.0006019658132632166,0.4999998188186018,0.68007692694664
9.056000000000001,5.083879248488601,2.4048468003287278,0.4767207558521504,-0.000734860710032148,0.4999997299899171,0.7240842282772064
9.072000000000001,5.090838316435634,2.4084343214331696,0.4768535017795443,-0.0008675830941129448,0.4999996236498818,0.6892002373933792
9.088000000000001,5.097792686630877,2.4120210724027094,0.4769768723657892,-0.0003954358720186235,0.4999999218152396,0.6718423962593079
9.104000000000001,5.104743160215831,2.415604853339762,0.47713828884426807,-0.0005493113618086909,0.4999998491285291,0.7356933504343033
9.120000000000001,5.111687866588403,2.419188791143778,0.477267787996872,-0.0006763023697766712,0.49999977130758716,0.7111480087041855
9.136000000000001,5.118627645710333,2.4227709322785143,0.47740433555918127,-0.0008115382814524175,0.49999967070288115,0.6621722877025604
9.152000000000001,5.125561937023109,2.4263522016171053,0.47752639240655004,-0.0009356322674491935,0.49999956229625775,0.666658878326416
9.168000000000001,5.13249106517682,2.429931983878152,0.4776460400162964,-0.0010594472031266733,0.4999994387860219,0.6929674744606018
9.184000000000001,5.139414970698973,2.433510577675695,0.47775668973087576,-0.0006364293330367587,0.4999997974788793,1.326271891593933
9.200000000000001,5.146334767708834,2.437086183679502,0.4779013587675847,-0.0007784299199613542,0.49999969702349106,1.314302384853363
9.216000000000001,5.1532491564245815,2.4406618276009886,0.4780167817356129,-0.0008958278364543659,0.499999598746351,1.3253256678581238
9.232,5.160159294107819,2.4442359454621387,0.47813821169032744,-0.0010204266581257393,0.4999994793648984,1.3372685015201569
9.248,5.167065066111948,2.4478095744136663,0.47824617724107454,-0.0011346903783624462,0.4999993562391489,1.2655849754810333
9.264,5.17396715072286,2.451382354227789,0.47835161614843885,-0.001248461228538833,0.4999992206726854,1.3018818199634552
9.28,5.180865863132557,2.4549547441925497,0.4784485784431697,-0.0013564078510803768,0.49999908007943494,1.2854430079460144
9.296,5.187761788284677,2.4585267860895,0.4785404974183225,-0.0009624236109146977,0.49999953687053955,1.2637346982955933
9.312,5.194656209916051,2.4620972606282816,0.47866181973809685,-0.001087653358155194,0.4999994085053195,1.2551040947437286
9.328,5.2015483413372605,2.4656690057012276,0.4787571243508446,-0.0011911046989263596,0.4999992906351335,1.2253426015377045
9.344,5.208439519673132,2.4692408123628136,0.47885730839527463,-0.001300623950655222,0.4999991541891464,1.210390105843544
9.36,5.2153299219474,2.4728137337196934,0.4789453229413032,-0.001400879783879816,0.49999901876855746,1.249382495880127
9.376,5.222220377076379,2.476387572411849,0.47903075961756664,-0.0015004973037928693,0.4999988742547656,1.2232626229524612
9.392,5.229111345525389,2.4799628254206647,0.4791084152658371,-0.0011384316493088242,0.4999993519869699,1.222131997346878
9.408,5.236004200028658,2.4835381979500935,0.4792144239076599,-0.0012520770092394606,0.49999921615199105,1.2203826010227203
9.424,5.2428981888939115,2.4871164281809732,0.4792955724808993,-0.0013448725800584427,0.4999990956594169,1.2535399198532104
9.44,5.2497945584803425,2.490696333086475,0.4793815317694038,-0.0014435713493039515,0.4999989580516035,1.2337544560432434
9.456,5.256693388287837,2.4942788818452866,0.4794559329731521,-0.0015334489111364924,0.4999988242681401,1.1880917847156525
9.472,5.263595339007333,2.497863815164213,0.4795279885952546,-0.0016227939380168976,0.4999986832710732,1.2385348230600357
9.488,5.270500671082695,2.501451518488015,0.4795927040461934,-0.0017071406490130059,0.4999985428368178,1.1803018301725388
9.504,5.277409781468088,2.505041976273855,0.47965297732769135,0.012755097569179252,0.49991865815438036,1.1779815703630447
9.52,5.28434613239807,2.5085906923368126,0.4807627132912449,0.011930894188250107,0.49992883025894547,1.2168150395154953
9.536,5.29126946610795,2.5121754606211426,0.4812729279913409,0.011642417394123417,0.4999322301206695,1.1674190312623978
9.552,5.298202488997401,2.515752950010227,0.48209868807862977,0.011066362536830354,0.49993877030964823,1.1438656598329544
9.568,5.305132763028534,2.519347050905373,0.4827309574468625,0.010660154286389112,0.49994318270756205,1.159525066614151
9.584,5.312067282207339,2.522944292366457,0.48345197613169966,0.010170732810401706,0.4999482798804619,1.186511516571045
9.6,5.319002118341598,2.526551911861171,0.4841046348512464,0.0743315740440531,0.4972424927443178,1.1910388618707657
9.616,5.326043156867604,2.5299677765956825,0.4894630635161101,0.07056693917619761,0.49751428369479483,1.1457790434360504
9.632,5.333007594487529,2.5335384173911852,0.4921523816463111,0.06918619208130883,0.49761045177223695,1.1589126288890839
9.648,5.339996915434165,2.5370705731405696,0.4962620714909111,0.0665155561742754,0.4977911009028986,1.223398745059967
9.664,5.346953593589037,2.540669640954729,0.49951834566559894,0.12326720734937169,0.49244100026735227,1.1623328179121017
9.68,5.354005076253153,2.544098075369148,0.5074375695086912,0.11784631564012127,0.4930882084335775,1.748974472284317
9.696,5.360964084093032,2.5476974569602806,0.5126565500972793,0.11483160635256251,0.49343577992949506,inf
9.712,5.3679338706285495,2.5512763631426023,0.5192572212725654,0.11054571795375212,0.49391467111773485,inf
9.728,5.374854419677575,2.5549375602085576,0.5249681021421131,0.10703231016568626,0.4942938819072745,inf
9.744,5.3817574125104715,2.5586214106937044,0.531046778951423,0.10316188170088791,0.4946976630034281,inf
9.76,5.38862336047695,2.562358218340951,0.5367920666940725,0.15336901124032654,0.4883308989720611,inf
9.776,5.395554904739394,2.5659703646559846,0.5464967361281642,0.1467526458254076,0.48930891115490127,inf
9.792,5.402227967893343,2.5696494811486468,0.5538242838750094,0.1421862129945679,0.4899594776935652,inf
9.808,5.408893816896696,2.573326906672572,0.5622872777219929,0.13655846530245208,0.490733708174219,inf
9.824,5.415499460444905,2.577089364067381,0.5699296789923798,0.13162951960134306,0.49138675296219,inf
9.84,5.422076301973542,2.5808877387672973,0.5778350826114227,0.1743859646864756,0.48494827677651264,inf
9.856,5.428697523230246,2.584610141527263,0.5888811678332196,0.16672757604467314,0.486229270213102,inf
9.872,5.435218229822075,2.5884820715823604,0.5979387195259706,0.1608147908949138,0.4871803865014827,inf
9.888,5.441721743941502,2.592376930355668,0.6078536636605764,0.1540794562700616,0.488223398795646,inf
9.904,5.448162300789995,2.596362260176815,0.6170408964596854,0.14795078980545018,0.4891349070923262,inf
9.92,5.454567293378438,2.6003987511633144,0.6263790861318783,0.14163898730263913,0.49003609745321863,inf
9.936,5.460923146012888,2.6045065351723604,0.6353780407719187,0.17812189592387728,0.48430335839755045,inf
9.952,5.467325480835319,2.608555254806372,0.6473959410545403,0.1696106928468586,0.48575350938878,inf
9.968,5.473620315085463,2.6127567482125964,0.6574332288839926,0.16283046896839615,0.4868598690386719,inf
9.984,5.479896215486409,2.616991904506032,0.6682652493984736,0.155277126152352,0.48804108604142643,inf
10.0,5.4861046497736075,2.6213237197726253,0.6783476833041295,0.14834284992872515,0.4890776707531758,inf
10.016,5.49227452021211,2.6257152947679345,0.6885367278782597,0.1412578252432639,0.4900892959513698,inf
10.032,5.498391326094333,2.630185145248113,0.6983557665843424,0.17170602390901735,0.48540282650710087,inf
10.048,5.504546890960858,2.634623013691738,0.710771350352974,0.1627339894838471,0.4868752982136231,inf
10.064,5.5105941926918325,2.639206218559426,0.7213904529423205,0.1553207092035449,0.4880344259427744,inf
10.08,5.516617614055499,2.6438346763346097,0.7326510135460251,0.14726625800989268,0.4892344884970074,inf
10.096,5.522570876678022,2.6485606643751636,0.7431973888191665,0.13979224288931835,0.490292546261374,inf
10.112,5.528481418499651,2.653352910164147,0.7537818040714206,0.13222217817075022,0.49130947002913156,inf
10.128,5.534335337009766,2.658226388575697,0.7639863237705146,0.174079114182756,0.48500066467807723,inf
10.144,5.540258588960136,2.6630479673041174,0.7776078874925307,0.16406505987348652,0.4866616527349504,inf
10.16,5.546043471761561,2.6680360317682394,0.7889259369126517,0.15605738478054265,0.487921578027907,inf
10.176,5.551807803877286,2.6730671854666785,0.8011150832186817,0.1471928387001049,0.48924514245637907,inf
10.192,5.557485905028209,2.6782050249041647,0.8124108397055837,0.13906012174775562,0.49039330534900666,inf
10.208,5.563115407498459,2.6834108319006034,0.8237925308047985,0.13077870479675147,0.4914971066443581,inf
10.224,5.568676056116431,2.688702292650534,0.8347164844106231,0.168570286054039,0.4859260980971867,inf
10.24,5.5742963999525,2.693960149636912,0.8488017927696315,0.15807488250966273,0.4876098835985944,inf
10.256,5.57976703983652,2.6993742310528432,0.8606772453970403,0.14949172184015902,0.488909102097887,inf
10.272,5.585206190267456,2.7048358864661415,0.8733235854692167,0.140132766185042,0.49024550576512627,inf
10.288,5.590547902505304,2.7103992467585893,0.8850850296069492,0.13148826605334563,0.4914051224418197,inf
10.304,5.595829772552051,2.716029723235696,0.8968809963136972,0.12273145180954081,0.4925062352089186,inf
10.32,5.601031537482192,2.72174156287463,0.9082018128390481,0.15470910546746808,0.48812772212059125,inf
10.336,5.606274457682469,2.7274369518767867,0.9222601959877148,0.14404847270130805,0.4896965806713274,inf
10.352,5.611361917295102,2.73326851493557,0.9343032918853399,0.13511644001632783,0.49092718845165484,inf
10.368,5.616405119698966,2.7391474695305935,0.9469687850977996,0.12553403131421392,0.49216190654768527,inf
10.384,5.6213427421001345,2.745116400052168,0.958792700261357,0.11661890750519754,0.4932307858905663,inf
10.4,5.626210323122602,2.7511466370713253,0.9705885380375624,0.10763936806087049,0.49422922215509196,inf
10.416,5.630989414731803,2.7572487563678942,0.9819063198654763,0.13439523151384591,0.4910232032082603,inf
10.432,5.63579242443406,2.76334483176202,0.9955636424007559,0.12380738802096536,0.4923749446974606,inf
10.448,5.640438572983715,2.769554662829171,1.007395238655749,0.1147714754492073,0.4934426225568965,inf
10.464,5.6450309264324545,2.775807664623958,1.0197128573748482,0.1052021240563854,0.4944866413230327,inf
10.48,5.649513850709814,2.782136728513625,1.0312349269888024,0.09625307492550839,0.49538196076076996,inf
10.496,5.653920642799763,2.788518907780749,1.0426743282479713,0.08728302016062894,0.4962005005229188,inf
10.512,5.658235096399674,2.794962062365413,1.0536379266249216,0.1095229440966512,0.4940263051412402,inf
10.528,5.662560379886516,2.8014054768339913,1.0665843763244178,0.09922126723612879,0.4950937024193315,inf
10.544,5.666732565776515,2.8079417612043747,1.0778819893280334,0.09030910978887663,0.4959332062993998,inf
10.56,5.6708461362645215,2.8145160837424568,1.089546623346181,0.08096781966790445,0.49672926288977204,inf
10.576,5.67485135061323,2.821153677479518,1.1004624704809964,0.07220202583198221,0.49739796004416525,inf
10.592,5.678779088779357,2.8278367558620676,1.1112510818961683,0.06345248025553207,0.4979895916623149,inf
10.608,5.682615353312254,2.834571275255785,1.1215710453777517,0.08193059969575645,0.4966511915834608,inf
10.624,5.686454105072384,2.841310753135612,1.133564512574826,0.07209999251013688,0.49740529632863967,inf
10.64,5.690147855419808,2.8481260468544556,1.1440705010209211,0.06351281288187405,0.4979857718694845,1.898912489414215
10.656,5.693782451243687,2.854975276977615,1.1548438864671273,0.05458575473704652,0.49851167677612157,1.7597389221191406
10.672,5.697313694426024,2.8618776851261796,1.164915179237169,0.046191581028645956,0.49893392745758114,1.6122771799564362
10.688,5.700769876428853,2.8688197390479373,1.17482536018751,0.037843363671286934,0.49928428167578826,1.532820463180542
10.704,5.704138921180767,2.8758059260960747,1.1842787014905785,0.05330705327144747,0.4985805243474236,1.638081818819046
10.72,5.707505907530084,2.8828009741464613,1.1951454538044344,0.04409627788113246,0.49902838914335274,1.5106363594532013
10.736,5.710738545258886,2.8898585867759308,1.2046691799791278,0.035999536677161714,0.4993522965527392,1.4439146220684052
10.752,5.713914336538801,2.896946970343587,1.2143804073285194,0.027635779646522973,0.49961822904729225,1.2553270161151886
10.768,5.716994041694707,2.9040805480495417,1.2234354658840685,0.01976427841325501,0.4998047120796138,1.3233296573162079
10.784,5.720003309637197,2.9112489394505965,1.2323060199085298,0.011960251258111398,0.4999284796052929,1.2803584337234497
10.8,5.72293166432071,2.9184552793564844,1.2407356351395797,0.004452951059045418,0.49999008567896275,1.2136878073215485
10.816,5.725788656573337,2.925695473017504,1.2488711146912623,0.017989597189712825,0.4998382046513116,1.0727572441101074
10.832,5.728640864999858,2.9329469138515485,1.2581478325159015,0.009744614784178651,0.4999525227441566,1.0331545025110245
10.848,5.731374216567198,2.940247169628646,1.2662482912460336,0.002463264231786333,0.49999696617079836,1.0132183134555817
10.864,5.7340558592250135,2.94757337454106,1.2744593004553524,-0.005014091357150363,0.49998742954927666,1.0967481136322021
10.88,5.736652355014593,2.9549352026150664,1.282073605571113,-0.012052181076795065,0.49992737598208375,0.9970585256814957
10.896,5.739186001014244,2.9623247974157123,1.2894874419070979,-0.019007581932191542,0.4998193776683546,1.045718714594841
10.912,5.741648122707635,2.9697437288953235,1.296486867887683,-0.007124350753004105,0.49997462224253947,1.0311228036880493
10.928,5.7441087073377055,2.977171472157941,1.3045390431686446,-0.014615839066218772,0.49989319622975853,0.94947949051857
10.944,5.746459743325394,2.9846374365584305,1.3114825436622357,-0.021201167668171816,0.499775288916205,0.9260351955890656
10.96,5.748764815418836,2.9921228722931468,1.3185171775420004,-0.027962001031336836,0.499609165126236,0.9183385223150253
10.976,5.750992492874693,2.999634916040765,1.3249849991703893,-0.034306964105517146,0.49941174694623164,0.9433743357658386
10.992,5.753163877909385,3.007166752479975,1.3312550111711263,-0.04056821078171069,0.4991775614697538,0.9503663331270218
11.008000000000001,5.755270950777006,3.014719032415921,1.33712896817001,-0.02985394389383078,0.49955450339138746,0.859767273068428
11.024000000000001,5.7573776061913655,3.0222754340569455,1.3439311938493141,-0.036534369106295816,0.49933291681492903,0.8600178360939026
11.040000000000001,5.759386059959993,3.0298578497380397,1.3497187760040326,-0.04238788478640565,0.4991021715242333,0.8371081948280334
11.056000000000001,5.761354095356512,3.037451401807871,1.3555699293709425,-0.048387093474482334,0.49883025793010555,0.9021121263504028
11.072000000000001,5.763253565531179,3.0450610265021503,1.3608951057975993,-0.054001432010233774,0.4985433394457838,0.8354391902685165
11.088000000000001,5.765103730149801,3.0526810367809736,1.366025473898648,-0.059529041210341305,0.4982302386138718,0.8549080789089203
11.104000000000001,5.766897628533433,3.060311475537549,1.3707843072857164,-0.04954957142828098,0.49877342429195026,0.8228237181901932
11.120000000000001,5.768693883236834,3.0679393611771646,1.3763786937795797,-0.05540882125222346,0.4984665015781366,0.8764016628265381
11.136000000000001,5.770403346135594,3.075581364939847,1.3810405411429951,-0.06050755341987912,0.498171650919638,0.8571510016918182
11.152000000000001,5.772078936633912,3.0832257485178154,1.3857505566087076,-0.0657310397808697,0.4978428246331813,0.8442790061235428
11.168000000000001,5.7736952680675335,3.0908762055424317,1.3899742152247399,-0.07059748396748056,0.4975121349290513,0.7757735997438431
11.184000000000001,5.775270056992072,3.0985282512304573,1.394012188992002,-0.07537762378463198,0.49716448329087903,0.7756178826093674
11.200000000000001,5.776797218372868,3.1061819072694785,1.397705161308545,-0.07992848171753408,0.4968125154013716,0.7807537913322449
11.216000000000001,5.7782768646726375,3.113796024500164,1.401147028242907,-0.06990446665727656,0.4975606600445544,0.8283394575119019
11.232000000000001,5.779764492602273,3.121401200571711,1.4053355669240672,-0.07476337794101395,0.49721042198200394,0.8319329470396042
11.248000000000001,5.7811799574430305,3.1290108932659795,1.4086838657359566,-0.07893638961230387,0.49689098862111897,0.7543598115444183
11.264,5.782571014759843,3.13661713149473,1.4120713301158188,-0.08321698432886837,0.49654545214083073,0.8249726891517639
11.28,5.7839150050410515,3.1442237805430167,1.4150204933003836,-0.08717543334089317,0.49620983770524385,0.7980749756097794
11.296,5.785228314380924,3.1518282935249555,1.4178002063799626,-0.09105314217800187,0.4958661058748198,0.7965012639760971
11.312,5.786505700326492,3.1594317409615265,1.4202690882942308,-0.08117317526169332,0.4967126874603039,0.7843304425477982
11.328,5.787799677276734,3.1670266921514374,1.4234900290185841,-0.085292812253293,0.49637138014484944,0.7739410549402237
11.344,5.7890306728414505,3.1746257290078335,1.425906795394717,-0.08875130810565013,0.4960719324498194,0.7744310051202774
11.36,5.79024600424386,3.182222252844179,1.4283804392488035,-0.09232517413235364,0.4957501269421197,0.7927807420492172
11.376,5.791423272468174,3.18982019494174,1.430444406069176,-0.095594385875442,0.4954447577943635,0.8016162365674973
11.392,5.792578220591246,3.1974178814872216,1.4323610587831535,-0.0987951370504625,0.49513561762402475,0.815124437212944
11.408,5.793705530673136,3.2050167003294687,1.4339928011377532,-0.1018043699438298,0.4948358129401322,0.7670874148607254
11.424,5.794811365529937,3.2126163835174077,1.4354214258430438,-0.09151474725031505,0.4958242024336429,0.8182979375123978
11.44,5.7959405324429065,3.220211794379015,1.4375642018962296,-0.09479419899846508,0.49552047165770724,0.783269926905632
11.456,5.797018540716636,3.2278135982217933,1.4389659371558745,-0.09746278525145913,0.4952655221944832,0.7895456254482269
11.472,5.798089896161411,3.235416552609439,1.4404389798532595,-0.10025291367504874,0.4949914900209574,0.7903709262609482
11.488,5.79913302061607,3.2430242541548204,1.4415387772337043,-0.10276488301462816,0.4947382510427072,0.7244591414928436
11.504,5.800162919884103,3.250635380155625,1.4425181840751466,-0.10522631141099392,0.4944841152089744,0.7252064347267151
11.52,5.8011741827721774,3.2582512151266547,1.4432426398059206,-0.09487767307913852,0.4955126026954576,0.7669887691736221
11.536,5.802216047142768,3.2658663109538253,1.4447099439676292,-0.09757662116060217,0.4952544911992576,0.7772833853960037
11.552,5.803213132919425,3.2734906751658004,1.4454574901456945,-0.09967737594400017,0.4950486412049975,0.7551407068967819
11.568,5.804210170819443,3.2811191980478807,1.4463032547145527,-0.10191778930996609,0.4948243396690196,0.7800017297267914
11.584,5.805185059745426,3.2887551449406454,1.446798246640393,-0.10389390476712279,0.49462241855365124,0.7457415014505386
11.6,5.806152754877138,3.296397005306887,1.4471974267603394,-0.10583527572306561,0.49442032679581305,0.7899399101734161
11.616,5.807107529976762,3.304045742803096,1.4473646996049956,-0.10762021770786045,0.49423126742265844,0.7854112982749939
11.632,5.808055067250407,3.3117007816939834,1.4473810535835467,-0.09680122542852887,0.4953293774132394,0.7948459684848785
11.648,5.809037720822622,3.319357246129141,1.448115722282508,-0.09887014395702298,0.4951282526729486,0.7821360975503922
11.664,5.8099838899333385,3.3270238224837314,1.4481867126242949,-0.10038603350879471,0.4949782249290183,0.7570599764585495
11.68,5.8109357604995315,3.334695355929341,1.4483667133684042,-0.10204511688434792,0.49481144446247927,0.8262374997138977
11.696,5.81187209544114,3.3423743962445895,1.4482283113597219,-0.10346313018708919,0.49466676125408165,0.8358410000801086
11.712,5.8128071166120545,3.3500590124183414,1.4480168972843697,-0.1048606808365955,0.4945222404185676,0.7952841371297836
11.728,5.813735109407037,3.357749614432634,1.4476013521367566,-0.09398949687669234,0.4955959785957555,0.777207612991333
11.744,5.814703194116724,3.3654403100209693,1.4479429955612009,-0.09565376760576694,0.4954391140229026,0.8487347513437271
11.76,5.815638044408288,3.373139583817095,1.4476303269248405,-0.09676687580965737,0.4953326811866468,0.8349157124757767
11.776,5.816582638206857,3.3808418034418173,1.447455132961814,-0.09804261032154304,0.4952092031138555,0.8202923089265823
11.792,5.817515126682426,3.388549252493842,1.4469820595441227,-0.09908913598953184,0.49510671821457003,0.7893942296504974
11.808,5.818449586253468,3.3962596932197737,1.446457616272214,-0.1001280813688048,0.49500391350161943,0.8230265229940414
11.824,5.819380067046996,3.4039732978754484,1.4457495273471184,-0.08927376414446897,0.49602567257323804,0.8109097927808762
11.84,5.820352150027755,3.411684019437981,1.4457928457566378,-0.09059156356651776,0.49590779737612317,0.7911386340856552
11.856,5.821294614180025,3.4194000359803534,1.445216584674789,-0.09138307605170493,0.49583617660075197,0.8235093206167221
11.872,5.822248963659884,3.4271156634766093,1.444789500284228,-0.0923417885119946,0.4957486015828294,0.8671564608812332
11.888,5.823193892714199,3.434833072303495,1.4440886542010527,-0.09308661657082729,0.49567994050407754,0.8344464004039764
11.904,5.82414290201683,3.442550018852965,1.4433532495244854,-0.09383271275609584,0.4956106159493922,0.8660507947206497
11.92,5.825090099781993,3.4502666972857217,1.4424546738584045,-0.09446462995536731,0.49555147273562794,0.8742179721593857
11.936,5.826040303008347,3.457981930907903,1.4414686214602928,-0.08334084998482894,0.4965351843711658,0.8024660497903824
11.952,5.827032321456097,3.465690388630473,1.4412069456215122,-0.08430342788339562,0.4964548764527297,0.9022559225559235
11.968,5.827999095885964,3.47340015234872,1.4403768599980162,-0.0847805528248955,0.496414731289651,0.8749595284461975
11.984,5.828979382118224,3.481105885465995,1.4397001516941748,-0.08542288560085476,0.4963603312148291,0.9046829491853714
12.0,5.829953143712084,3.48880993056804,1.4387794721933729,-0.08587266515596204,0.49632199671112953,0.858040452003479
12.016,5.8309329355765485,3.496510389147926,1.4378392797835464,-0.08633164298662654,0.496282672761326,0.8377774059772491
12.032,5.831913162391686,3.504207785768478,1.4367586368365637,-0.07538154150704912,0.49716418909200183,0.8471410721540451
12.048,5.832936819385922,3.5118963925943056,1.436429135458865,-0.07615740474539345,0.4971056270878838,0.8669417351484299
12.064,5.833936028642512,3.519585135199978,1.4355413626082794,-0.07645204583710585,0.497083231747347,0.9048259258270264
12.08,5.834949869456988,3.5272688492358277,1.4348258967466843,-0.07692453844052682,0.49704713899713987,0.8720798045396805
12.096,5.835957982998341,3.5349504377382743,1.4338800359491628,-0.0772120845550166,0.49702506594906704,0.8724743127822876
12.112,5.8369729789051235,3.542628360826238,1.432930766142063,-0.07751887641479716,0.4970014254461413,0.9134913980960846
12.128,5.837989108642901,3.5503036228136446,1.4318552959649948,-0.07773477171756848,0.496984733425201,0.9538470953702927
12.144,5.839010783082555,3.5579758618582424,1.4307251239241967,-0.06677252846782267,0.4977740258939538,0.8979066461324692
12.16,5.84007476454007,3.565640382705805,1.4303129908690395,-0.06735471793888648,0.49773509912247765,0.8534260094165802
12.176,5.8411171211266275,3.5733064220543453,1.4293859768549575,-0.06749174864647589,0.4977258880435228,0.8719255775213242
12.192,5.842174613442441,3.5809692993669833,1.4286316005359905,-0.06780325605182602,0.4977048795754841,0.9124179929494858
12.208,5.843228032382524,3.588632254424669,1.4276705671999124,-0.06794798734192709,0.49769508599402734,0.8917506784200668
12.224,5.844289220946837,3.596294116863495,1.42671630871639,-0.0681177788125602,0.49768357020140647,0.9184477478265762
12.24,5.845352725911665,3.603956186512507,1.425653029411788,-0.05754821176151026,0.4983459288540603,0.9380935877561569
12.256,5.846459085850362,3.611613230633571,1.4253213842032961,-0.058065400190932426,0.498316098402802,0.9284619987010956
12.272,5.847544033603671,3.619275056696494,1.424484879622562,-0.05814367128535691,0.4983115607265288,0.9361355006694794
12.288,5.848644409772678,3.6269368926182297,1.4238325706154824,-0.058404279420291694,0.4982964084124949,0.9148942679166794
12.304,5.849740837751371,3.634602160627272,1.4229838584952257,-0.058504668753253775,0.49829055356519164,0.9413497149944305
12.32,5.850845128924208,3.642269648624876,1.422152464870579,-0.05863699366491382,0.49828282089832865,0.9846466779708862
12.336,5.851951715488424,3.6499406627876843,1.4212220055340932,-0.05869698928866285,0.4982793092062763,0.913005918264389
12.352,5.85306464102834,3.657615020237004,1.420259462164291,-0.04837047646777526,0.49883106058691473,0.9879312664270401
12.368,5.854218079921242,3.665288042060007,1.4199827556733635,-0.04881456899118275,0.49880951496515535,0.947733148932457
12.384,5.855352149632141,3.6729690323235626,1.4192433620464375,-0.048856195459603846,0.4988074853511985,0.9873129427433014
12.4,5.856501048360722,3.6806531395903077,1.4186809756584355,-0.04907136959377567,0.4987969664429828,0.9935649484395981
12.416,5.85764666533993,3.6883433752785484,1.4179419940513425,-0.04914222510930344,0.49879349254665,1.0255145281553268
12.432,5.858799893676122,3.696038241455513,1.417224683016341,-0.049246765099074885,0.4987883580480042,0.9841474145650864
12.448,5.859955460291802,3.7037386291716534,1.4164208098904367,-0.03948569165635263,0.49922084513544585,0.9718114882707596
12.464,5.861150583204723,3.711438864377739,1.4163036968139686,-0.03994618186221377,0.4992025755620921,1.031365916132927
12.48,5.8623257333829155,3.7191480587415624,1.4157342990616169,-0.04001158919127423,0.49919996343537804,1.0375451296567917
12.496,5.863514712771431,3.7268608693943324,1.415346705946006,-0.040253113770420956,0.4991902808904977,0.9798083454370499
12.512,5.864699440374265,3.734579942082181,1.4147900894113137,-0.040355159606127344,0.4991861724737747,0.9913197159767151
12.528,5.865890595654536,3.742303347181738,1.4142608542216475,-0.04049410335955983,0.4991805618408417,1.0506811738014221
12.544,5.867082833595036,3.750031584128695,1.4136514884763127,-0.031363118508331844,0.4995083386372155,1.0086727887392044
12.56,5.868311286751573,3.757758768328082,1.413694725380551,-0.03185255347435678,0.49949287895921657,1.0553684830665588
12.576,5.869519467479883,3.765493322132823,1.4133098791272622,-0.031966952309164576,0.49948923099816644,1.0821159183979034
12.592,5.870739469480937,3.7732296927380116,1.4131013520105131,-0.032251094416513304,0.49948011374227175,1.0801956057548523
12.608,5.871953995958934,3.780970092036833,1.4127345506634348,-0.03240373533772534,0.4994751826930804,1.0294051468372345
12.624,5.873173128977781,3.788712339957039,1.4123966179832212,-0.03259302230096983,0.4994690355040281,1.0789009183645248
12.64,5.8743917079880505,3.7964566394150605,1.411984939016284,-0.03272688751042985,0.49946466658069133,1.0728640854358673
12.656,5.875613001097947,3.804201820073629,1.4115578753980715,-0.024076793868280433,0.49971021000131977,1.0214346647262573
12.672,5.876865623577266,3.8119426873797333,1.411724841265523,-0.02457865948458604,0.49969800556898775,1.0678508877754211
12.688,5.8780983498559305,3.819686756628726,1.4115037206429006,-0.02474053964124412,0.4996940152872731,1.097778081893921
12.704,5.879340234762159,3.827428742790529,1.4114441780041072,-0.02505749835350546,0.4996861265878089,1.027960255742073
12.72,5.880575555219485,3.8351705507448877,1.4112416515826682,-0.02525552534574249,0.4996811470209649,1.1133263260126114
12.736,5.881813432629831,3.842910114433545,1.4110664184444288,-0.025487489534215424,0.4996752642651817,1.064344048500061
12.752,5.883049169629162,3.850647614157077,1.41082498703688,-0.017521823144194038,0.4998465085658374,1.0368140786886215
12.768,5.884313539088117,3.8583775985362005,1.4111649176491678,-0.01808513426131908,0.4998364817879552,1.0614926367998123
12.784,5.885556722392645,3.866107586018056,1.4111280730810312,-0.018317545546557845,0.4998322525254091,1.0675281286239624
12.8,5.886807138635798,3.8738325914621403,1.4112535531077823,-0.01870504174440235,0.49982508110822255,1.0622622072696686
12.816,5.888049138589305,3.8815547805984085,1.4112367457719692,-0.01897331629665633,0.49982002823172467,1.1401626467704773
12.832,5.8892920776326445,3.8892723559689326,1.4112524655819274,-0.019279467229065705,0.49981417409708995,1.0796819627285004
12.848,5.890530946011929,3.8969858973097344,1.4112000812077332,-0.012019101225996032,0.4999277740808499,1.1409492045640945
12.864,5.89179468371621,3.9046906272653747,1.4116872049011149,-0.012636576439934544,0.49992016271762857,1.0783343017101288
12.88,5.8930372760035254,3.9123938515679892,1.4118264515975076,-0.012948536619263429,0.49991617238484143,1.093723475933075
12.896,5.894284790256469,3.920091396114511,1.4121112753795686,-0.013400129183716025,0.4999102236426407,1.09358549118042
12.912,5.89552325164708,3.9277855845510485,1.412268104243199,-0.013744847489567391,0.4999055455321079,1.0556256026029587
12.928,5.896760921572913,3.9354752485227396,1.4124495879927472,-0.014119964422428133,0.49990031992713707,1.142900437116623
12.944,5.89799370290463,3.9431612658540574,1.4125716741254946,-0.014450019667680891,0.49989560573205305,1.109352856874466
12.96,5.899224361178266,3.9508434825918437,1.412681820783103,-0.007769648789517802,0.4999698168862102,1.102214753627777
12.976,5.90047563967795,3.9585186493564195,1.413263027200535,-0.008412792257970203,0.4999646132980561,1.0668810456991196
12.992,5.901707224628665,3.966193589765849,1.4135366171244141,-0.008786774559941257,0.49996139728990346,1.1048579216003418
13.008000000000001,5.9029421014447045,3.973865118890541,1.4139355472975652,-0.009281781622039631,0.49995692550195886,1.1210481822490692
13.024000000000001,5.904168074943121,3.981535683489567,1.4142197645606362,-0.009681767670317143,0.49995313315179657,1.1564089357852936
13.040000000000001,5.905392485933842,3.989204668706491,1.414523178433492,-0.010107034933553471,0.49994892566157934,1.0900648683309555
13.056000000000001,5.906611806079372,3.9968732054100604,1.4147720276937168,-0.004105629366822239,0.4999915719511063,1.0977844148874283
13.072000000000001,5.907850276775153,4.004538091125875,1.4154713222503947,-0.004804021656858559,0.4999884607767304,1.1272849142551422
13.088000000000001,5.909069207859545,4.01220600778984,1.4158749187029036,-0.005243825685861125,0.4999862512721084,1.128910630941391
13.104000000000001,5.910290705903832,4.019874098221248,1.416397627774136,-0.005799036965774107,0.499983185773617,1.1193980276584625
13.120000000000001,5.911503068694409,4.027544791568059,1.4168093898397887,-0.006262527424168773,0.4999803906314877,1.1146511137485504
13.136000000000001,5.912713360063316,4.035217569408258,1.4172384810500205,-0.006749594778094448,0.4999772218310708,1.1665034294128418
13.152000000000001,5.913918190439857,4.0428935138183695,1.4176141833231999,-0.007196830352545369,0.4999741032635447,1.1014018952846527
13.168000000000001,5.915119957390855,4.050572773564804,1.417976348518969,-0.001757576788015136,0.4999984554635075,1.1157996952533722
13.184000000000001,5.916337921290744,4.058252874654219,1.418730291928527,-0.0024723355148754678,0.499996943784778,1.078566089272499
13.200000000000001,5.917538039261401,4.065939486163067,1.4192217547124726,-0.0029587563810791195,0.4999956228931115,1.0498806834220886
13.216000000000001,5.918739754871047,4.073629998642545,1.4198144394146914,-0.0035443678359610153,0.49999371875462456,1.0752074420452118
13.232000000000001,5.919932761129989,4.081326301501277,1.4203066380282872,-0.004047812809016449,0.49999180765047496,1.0710309445858002
13.248000000000001,5.921123250391186,4.089027698068261,1.4208108090334555,-0.004570060030041123,0.49998955734836104,1.0579405725002289
13.264000000000001,5.922308216491827,4.09673482112563,1.421264956599109,0.00025618668866478345,0.49999996718419104,1.037835106253624
13.280000000000001,5.923507915900537,4.1044447314623795,1.422089463122065,-0.0004945992472515925,0.4999998776858023,1.08793243765831
13.296000000000001,5.924689909825993,4.11216234540552,1.4226629953506993,-0.0010273669431040133,0.4999994722587678,1.0049602389335632
13.312000000000001,5.92587264541285,4.11988484846854,1.4233309397504832,-0.0016533168883503535,0.4999986332728787,1.0320750623941422
13.328,5.927046270286264,4.127613593203232,1.4239017255787996,-0.002200112133831311,0.49999757975720427,1.0479409247636795
13.344,5.9282166219649115,4.135347518766381,1.4244821467371966,-0.002763695748771333,0.4999961810026273,1.0099107027053833
13.36,5.929380794018503,4.14308679376043,1.425013315679289,0.0014904202297580937,0.49999888932459174,1.004215031862259
13.376,5.930557071667741,4.150828411607348,1.4258753893349154,0.0007222100475559046,0.4999997392063689,1.012449562549591
13.392,5.9317161548389175,4.158576287033884,1.4265078656574592,0.00015280718604770982,0.499999988324982,1.0121489316225052
13.408,5.93287465462936,4.166327544807896,1.427222347500544,-0.0004987431756005023,0.49999987562763265,0.9708528965711594
13.424,5.934023661328515,4.174082987362498,1.427846023146671,-0.001076865013450501,0.49999942018109556,1.0249123722314835
13.44,5.9351684168251975,4.181841319802929,1.4284752591724161,-0.0016682004501236136,0.4999986085549199,0.9924297034740448
13.456,5.936306285395043,4.189602352957797,1.429056944938091,-0.002225131039424788,0.49999752440001444,0.971653163433075
13.472,5.937438991354708,4.1973652447634855,1.4296210303824277,0.0015807232746238853,0.4999987506580051,0.949578583240509
13.488,5.938580692091675,4.205127379078154,1.4304673906823877,0.0008285143269857187,0.4999996567820835,0.9537075459957123
13.504,5.939706095023375,4.212891734541735,1.431111314674987,0.0002504490469146248,0.4999999686376381,0.9258704632520676
13.52,5.940829545915851,4.220655662212401,1.4318223091659945,-0.00039629866363943833,0.49999992147368877,0.941825732588768
13.536,5.941943373087469,4.228419635942939,1.4324509617472219,-0.0009773150771033023,0.499999522427772,0.9577090293169022
13.552,5.943052122809758,4.236182431852164,1.4330806377777054,-0.001567498447885729,0.49999877147531413,0.9392663091421127
13.568,5.94415355250787,4.243943804692277,1.4336654441799588,0.0017784943955629906,0.4999984184805099,0.9213880449533463
13.584,5.945262483857167,4.251701191820192,1.4345146205200416,0.0010256523114859917,0.49999947401885236,0.8851318061351776
13.6,5.946355153226889,4.259457398627091,1.4351710975770504,0.00043836106498229555,0.4999999039197945,0.9235429763793945
13.616,5.947445105762987,4.2672101365673685,1.435889051764403,-0.00021258372999888309,0.49999997740407925,0.921611487865448
13.632,5.948525168856923,4.274960017758346,1.4365275943788882,-0.0008003161695055994,0.4999996797470828,0.8860304951667786
13.648,5.949599676339298,4.282706147564956,1.4371653692629955,-0.0013955486066268286,0.4999990262226754,0.8798916637897491
13.664,5.950666574271461,4.290448566603087,1.4377591125376321,-0.0019594807127698566,0.4999980802201252,0.8482141047716141
13.68,5.951727361328727,4.298186906684746,1.4383333033883015,0.0010308936708085525,0.49999946862930794,0.8637239784002304
13.696,5.95279363227036,4.305919535398221,1.4391320529729397,0.000313773331257039,0.49999995077314996,0.8366988599300385
13.712,5.953844983126803,4.313649155871339,1.4397608514129814,-0.0002582828327080122,0.4999999666449899,0.881287157535553
13.728,5.95489318490076,4.321374261701775,1.4404391513713408,-0.0008830086488624822,0.4999996101479643,0.9188877791166306
13.744,5.9559321391919315,4.3290957885090355,1.4410453871464453,-0.0014510384427213197,0.49999894724445776,0.8608866482973099
13.76,5.95696567614563,4.336813435556114,1.4416474859534747,-0.002023400358750038,0.4999979529282878,0.8589601516723633
13.776,5.957992112062065,4.344527694297855,1.4422081516062795,0.000607751678541657,0.49999981531897136,0.8937539905309677
13.792,5.959023647637787,4.352237326571154,1.4429789083694897,-9.036217278080017e-05,0.4999999959173389,0.8411487191915512
13.808,5.960041106701304,4.359945209780316,1.4435881991348536,-0.0006507732412632805,0.4999997882471241,0.8570593595504761
13.824,5.961055647706658,4.367650355047773,1.444242757964618,-0.0012598669656478378,0.49999920636803435,0.8699287474155426
13.84,5.962061569963213,4.375353988354137,1.4448281038630668,-0.0018145989920141936,0.4999983536170562,0.8426208794116974
13.856,5.963062536339789,4.38305617747008,1.4454082484776851,-0.002372519124891781,0.49999718558178163,0.8872169256210327
13.872,5.964057000597467,4.390757684532098,1.445948084564904,-5.6707424784363525e-05,0.49999999839213394,0.8547290414571762
13.888,5.965056033122425,4.3984577119230766,1.4466740616057565,-0.0007236574710929311,0.499999738159978,0.8688206225633621
13.904,5.9660424173658315,4.406159024553519,1.4472526494961293,-0.0012653044071315733,0.4999991995028058,0.8874484151601791
13.92,5.9670262366286355,4.413860968217732,1.4478694934122671,-0.0018491030732086244,0.4999982904108608,0.8009522408246994
13.936,5.968002389493057,4.421564779910282,1.4484218526825952,-0.0023825481342960586,0.49999716173756437,0.89047871530056
13.952,5.9689741997741885,4.429270636946503,1.4489672384278152,-0.002917380334556352,0.49999574445806494,0.7761888951063156
13.968,5.969940293996112,4.43697927493025,1.4494741689407307,-0.003425397104604322,0.4999941333502831,0.8927018940448761
13.984,5.97090189463989,4.444691079218366,1.449960611926995,-0.00132871926336664,0.49999911725307905,0.8605943620204926
14.0,5.971867667937972,4.452405498275206,1.4506053145466276,-0.0019390109342829476,0.4999981201206543,0.8624072372913361
14.016,5.972822675738254,4.460124797062722,1.4511198402287442,-0.0024394153124420725,0.49999702463236856,0.8388342708349228
14.032,5.973775669510525,4.467848313456594,1.4516647981472213,-0.0029746466166780117,0.49999557575180226,0.8364126831293106
14.048,5.974722216788478,4.475576919264782,1.452151377476852,-0.0034648593939525796,0.499993997398711,0.8754424005746841
14.064,5.975665189722895,4.48331054362939,1.4526293566053425,-0.003954799916408014,0.4999921798195811,0.8249177038669586
14.08,5.976603380646074,4.4910495358360105,1.45307155326067,-0.002079832941559001,0.49999783715058627,0.8205880224704742
14.096,5.977545872657123,4.498792958601437,1.4536633694507664,-0.0026526769975747655,0.4999964816606258,0.8295584470033646
14.112,5.97847843103314,4.506542556351976,1.4541312903333226,-0.0031209661537388023,0.49999512980094624,0.9058239310979843
14.128,5.979409326526362,4.514297340081594,1.4546276494186643,-0.0036220298009261853,0.4999934404787457,0.7921016961336136
14.144,5.980334305910749,4.52205772082145,1.4550682398176786,-0.0040801179034835044,0.49999167636513586,0.8227735757827759
14.16,5.981256051800615,4.529823223599359,1.4555002891917845,-0.004537706954180543,0.49998970467846227,0.8456442505121231
14.176,5.982173373932259,4.53759375476248,1.4558980353859647,-0.004971745682556872,0.4999876409742656,0.8594229817390442
14.192,5.983087214914423,4.5453689052453,1.4562762697182594,-0.003239866033787564,0.49999475165240514,0.8032271265983582
14.208,5.984004720234736,4.5531474946815145,1.4567836909904683,-0.0037523998198336628,0.49999295978083946,0.8570535480976105
14.224,5.984913393853042,4.560930540476008,1.4571808778061062,-0.004172453189813741,0.49999129536770365,0.845373347401619
14.24,5.9858204408244875,4.568716745634877,1.4576012280846737,-0.004620178345834169,0.49998932705196836,0.8635183423757553
14.256,5.986722111342293,4.576506023646802,1.4579710624317312,-0.005029351878802046,0.49998735291647345,0.8491722494363785
14.272,5.9876207246519755,4.584297558613451,1.458331759139469,-0.005437154927513177,0.499985218818805,0.8552882820367813
14.288,5.988515217907932,4.592090890562989,1.4586608030905632,-0.0038583544811769954,0.49999255658728536,0.8398467302322388
14.304,5.989413129737399,4.599884573447053,1.4591137729870052,-0.00433009928603223,0.49999062517867865,0.8084683865308762
14.32,5.9903024978189645,4.607679342840739,1.459461414141453,-0.004713290748263876,0.49998889252741274,0.8447033166885376
14.336,5.991190193768256,4.615473814562918,1.4598314862535555,-0.005123088742554849,0.4999868770956767,0.8070199191570282
14.352,5.992072625730609,4.6232677853832405,1.4601534432168704,-0.005496016232422463,0.49998489705485494,0.8610434085130692
14.368,5.992952006266611,4.631060419180714,1.4604669268956778,-0.0058677140466349975,0.4999827851635042,0.8399876207113266
14.384,5.993827321701595,4.638851264208251,1.460750387467333,-0.004418364353790061,0.4999902390917361,0.8500882238149643
14.4,5.994705501875726,4.6466390267448405,1.46114692627592,-0.004846362307101781,0.4999882564781355,0.8497259765863419
14.416,5.995575619462337,4.654424424099645,1.4614463046860238,-0.005192619960777023,0.4999865184701409,0.7727564126253128
14.432,5.996443984699756,4.662206320428291,1.461765730812853,-0.005562869855423536,0.49998452739908933,0.8043111860752106
14.448,5.997307337300632,4.6699846888165,1.4620405229727673,-0.005898851977110819,0.499982601974474,0.8128102868795395
14.464,5.998167733360192,4.677758979347455,1.4623070694024536,-0.006233304741248169,0.49998057320760675,0.8279244601726532
14.48,5.999024279520178,4.685529030547783,1.4625456272965363,-0.0065485261405822115,0.499978558709186,0.8262055367231369
14.496,5.999877724797293,4.6932945709283915,1.4627676402189267,-0.0051652272860129855,0.4999866603321747,0.7594874501228333
14.512,6.000733677854564,4.701054878079865,1.4630898357787625,-0.005535972805661871,0.4999846766590865,0.8313947916030884
14.528,6.001582464788786,4.7088109572467935,1.4633248678212203,-0.00583353976467027,0.499982985099915,0.8409103006124496
14.544,6.002429753004783,4.716562227546546,1.4635772207983926,-0.006152112084611083,0.4999810759971992,0.8362366259098053
14.56,6.003272693056953,4.72430910324837,1.4637892764662792,-0.006439841361429721,0.4999792645082665,0.7807151228189468
14.576,6.004113170035903,4.732051560225881,1.463993486924908,-0.006725906017950756,0.4999773814351934,0.8275412023067474
14.592,6.004950442570131,4.739789926794463,1.4641722819999121,-0.005430325711746953,0.4999852559262596,0.8021920919418335
14.608,6.005790576434418,4.74752387133046,1.4644493900100466,-0.0057628652036294525,0.49998339487614574,0.8130283653736115
14.624,6.00662419968302,4.755254772459553,1.464642734201995,-0.006024771956166131,0.4999818512810263,0.8071944117546082
14.64,6.007456857102954,4.762982470904244,1.4648538633861217,-0.006307641427382826,0.4999801070936359,0.7860039919614792
14.656,6.008285805633795,4.770707741399552,1.4650267757084703,-0.006561055077598077,0.49997847658697964,0.8039505034685135
14.672,6.009112906456975,4.7784309099580025,1.4651930117461458,-0.006813392530450102,0.49997678920028266,0.8047148585319519
14.688,6.009937460527308,4.78615260890208,1.46533549135841,-0.007049359799513155,0.49997515367477935,0.8445720374584198
14.704,6.010760189282139,4.793873345388283,1.4654641440894935,-0.005793738179295627,0.4999832164867491,0.7864644378423691
14.72,6.011586109053159,4.801593192770455,1.465681596978889,-0.006077042491867246,0.49998153500458453,0.8326437324285507
14.736,6.012406758356758,4.809313653759305,1.4658234208805783,-0.006296702147393418,0.49998017603303213,0.8264889568090439
14.752,6.0132271784475915,4.817034805388249,1.4659813345154507,-0.006535359739105573,0.49997864484057575,0.8145258575677872
14.768,6.0140448986466835,4.824757507106192,1.4661047686274395,-0.006747555560249641,0.49997723559246793,0.74257031083107
14.784,6.014861613443658,4.832482160353271,1.4662222169420844,-0.006958906460524883,0.4999757872012867,0.8163248002529144
14.8,6.015676691435943,4.84020938343434,1.4663182491015199,-0.005769928357454823,0.49998335414810113,0.8273899555206299
14.816,6.016495548490418,4.847939127036278,1.4665024458859537,-0.006021959840559532,0.4999818682190179,0.8215926587581635
14.832,6.017309844394745,4.855672737314551,1.4666136291267549,-0.0062122938938209415,0.4999807039505186,0.7928800582885742
14.848,6.01812450608025,4.863410121313451,1.46674171970549,-0.006421986265880086,0.49997937932968134,0.8065448701381683
14.864,6.0189370697458,4.871151902668426,1.466837087633572,-0.006606399793622764,0.49997817805835554,0.8029820770025253
14.88,6.019749165456254,4.878898214428901,1.4669277010429578,-0.006790687243716675,0.499976943637785,0.7850447297096252
14.896,6.020560130480771,4.886649362018167,1.46699839652107,-0.0069612878994194105,0.49997577062677584,0.7811742275953293
14.912,6.021370560869886,4.894405448920648,1.4670579886421318,-0.005799838585309303,0.4999831811247786,0.8310779184103012
14.928,6.022184906412532,4.902166107086987,1.4671982825869665,-0.006012930385297821,0.4999819225519578,0.7540183514356613
14.944,6.0229955016573795,4.909932152165934,1.4672722810826546,-0.006170077283401021,0.4999809653147095,0.7714412361383438
14.96,6.0238068014495045,4.917703065979314,1.4673620258816666,-0.006345150455918436,0.4999798698030016,0.7817281037569046
14.976,6.0246165060328805,4.925478958774592,1.4674222394804257,-0.006497469594825667,0.4999788917414779,0.7854782044887543
14.992,6.025426053235151,4.933259480531652,1.4674784363850026,-0.006649952444807372,0.4999778893921679,0.7842101156711578
15.008000000000001,6.026234787107597,4.941044429579714,1.467516784861544,-0.005544309305109074,0.4999846304746488,0.7612534612417221
15.024000000000001,6.027047488907567,4.94883297794807,1.4676358083128074,-0.00573402029009884,0.4999835606858269,0.7718385756015778
15.040000000000001,6.027856555152125,4.956625518464126,1.467690591605325,-0.00586921911511018,0.4999827763312629,0.7451701909303665
15.056000000000001,6.028666325923299,4.964421154420823,1.4677619954471806,-0.006022755724651496,0.499981863426035,0.7201006263494492
15.072000000000001,6.029474490924277,4.9722196301781345,1.4678053732788459,-0.006154475194218634,0.49998106145665894,0.814431831240654
15.088000000000001,6.03028242346606,4.980020268887115,1.467845865319727,-0.006286966120367943,0.49998023728888263,0.7795718312263489
15.104000000000001,6.031089439338633,4.987822574323843,1.4678698240374015,-0.005235832224709469,0.49998629315571086,0.7937218248844147
15.120000000000001,6.031900013307545,4.995625495690055,1.4679702914499582,-0.005403802610584485,0.4999853996007896,0.7934682816267014
15.136000000000001,6.032706969602918,5.003429168207726,1.4680107287919033,-0.0055206319521148295,0.4999847614662358,0.7447263598442078
15.152000000000001,6.03351436637995,5.011232563135085,1.4680673214250035,-0.00565500829368748,0.4999840106110425,0.7113075256347656
15.168000000000001,6.034320014685772,5.019035299663869,1.468097999797024,-0.0057690531375333975,0.4999833591975623,0.7615727931261063
15.184000000000001,6.035125192964765,5.026836651694018,1.4681264509857819,-0.005884061429758614,0.49998268911032706,0.7699927687644958
15.200000000000001,6.035929220415735,5.03463611632063,1.4681391687047851,-0.0059879166094352065,0.4999820726416034,0.74623703956604
15.216000000000001,6.036732548341944,5.042433103723082,1.4681441323653486,-0.004959700423444069,0.4999877007867033,0.6661277264356613
15.232000000000001,6.037538926886967,5.050226723972088,1.4682207326513665,-0.0051022816265704485,0.4999869834740564,0.7794036716222763
15.248000000000001,6.038341711058593,5.05801720122058,1.468242016201668,-0.005197632283979736,0.4999864924309583,0.7631863653659821
15.264000000000001,6.039144686426871,5.0658037394065945,1.4682790446728067,-0.005309777779918257,0.49998590326244463,0.7491656392812729
15.280000000000001,6.039945797646466,5.073586202214677,1.4682918079484764,-0.005402714056756075,0.4999854054824126,0.8003871887922287
15.296000000000001,6.040746308747059,5.081364175315967,1.4683033811653283,-0.00549717013166795,0.4999848907124679,0.7589514553546906
15.312000000000001,6.04154557472608,5.089137508709476,1.4683003930932923,-0.00451998730462666,0.4999897849269489,0.7546664774417877
15.328000000000001,6.042347808016349,5.096905625291021,1.468370116934902,-0.004649244182883372,0.4999891923421352,0.770554319024086
15.344000000000001,6.043146383750274,5.104669134111561,1.4683851466118043,-0.004731477273627771,0.499988806644933,0.7827363908290863
15.36,6.043945165606492,5.11242764143998,1.4684175346221964,-0.004831658882373802,0.4999883276270528,0.728064551949501
15.376,6.044742072769376,5.120181439026631,1.468426054326599,-0.004912661080337166,0.4999879329776315,0.7861741632223129
15.392,6.045538456043934,5.127930539039303,1.468434773265112,-0.004996122585994911,0.4999875194833964,0.7463731616735458
15.408,6.046333674628253,5.135675229238808,1.4684297072061023,-0.004072804701277466,0.49999170617679134,0.7826017588376999
15.424,6.047131779651893,5.143415384036341,1.4684938436616117,-0.004189906116442543,0.49999122239473237,0.7791005820035934
15.44,6.04792653444296,5.151151996459985,1.468506506114033,-0.004262605051323476,0.4999909151541117,0.7418530434370041
15.456,6.048721654522685,5.158885096518384,1.468536271333974,-0.004352780612153051,0.4999905267103007,0.7827179878950119
15.472,6.049515178023455,5.166615349072691,1.468543604337432,-0.004424809754465464,0.4999902105932074,0.739232525229454
15.488,6.050308440688674,5.174343125265096,1.4685517138549482,-0.004499574115351734,0.49998987698470787,0.7651465386152267
15.504,6.051100851402246,5.182069031339096,1.4685470977295412,-0.004564957483800924,0.49998958065396154,0.7333000004291534
15.52,6.051892961874908,5.189793585328989,1.4685379948086588,-0.0036739724444476707,0.4999932509936049,0.7428092509508133
15.536,6.052688041657739,5.197517047769312,1.4685916284187939,-0.0037759774246426403,0.49999287103112605,0.7230781763792038
15.552,6.053480448951911,5.205240604166957,1.4685985370219827,-0.0038377076169902047,0.49999263603627553,0.7504377514123917
15.568,6.054273624514339,5.2129645116811885,1.4686217258075287,-0.003915956405077026,0.49999233268190896,0.7432015985250473
15.584,6.055065736305078,5.2206895620040745,1.4686240810502356,-0.0039773250795036574,0.4999920904843133,0.7642614841461182
15.6,6.055858068746157,5.22841621155381,1.4686277648369443,-0.004041732724092473,0.4999918322427688,0.7243984192609787
15.616,6.056650054049641,5.23614508243912,1.4686198652831455,-0.003204940662103084,0.4999948641952606,0.724664106965065
15.632,6.057445385708796,5.243876327820536,1.4686752025733427,-0.0033014916107334535,0.49999455009637317,0.7096139341592789
15.648,6.058238411130701,5.251611017527844,1.468684742430599,-0.003358425820360722,0.49999436050920726,0.7174530625343323
15.664,6.059032527616921,5.259349246535161,1.4687109101977034,-0.003432035066786465,0.4999941105907738,0.7314573973417282
15.68,6.0598259071610565,5.267091590919829,1.468717294035754,-0.003489538447744245,0.4999939115854235,0.6977713853120804
15.696,6.0606197722948405,5.274838253788318,1.4687254254582953,-0.0035502954068284964,0.4999936977277414,0.721614882349968
15.712,6.061413536751472,5.2825895583855065,1.468722738992578,-0.003603040581324546,0.49999350907737283,0.7004506140947342
15.728,6.062207671861877,5.290345650447014,1.4687168611832455,-0.002804180195921546,0.4999960682970199,0.6976674497127533
15.744,6.063005045923297,5.298106358846503,1.4687674745173906,-0.0028911079362781145,0.4999958207590945,0.7094904780387878
15.76,6.063800558370351,5.305872253995426,1.4687771371935752,-0.002942684892679459,0.4999956703153087,0.722992867231369
15.776,6.064597215051121,5.3136430022867565,1.4688017859664078,-0.0030092961950636266,0.4999954720818733,0.7562723010778427
15.792,6.065393322563929,5.321418677123505,1.4688086338210806,-0.003061454743796155,0.4999953137620664,0.7176410406827927
15.808,6.066189938891654,5.32919899756567,1.468817137209869,-0.003116633434319116,0.499995143313743,0.7113821059465408
15.824,6.066986484808155,5.336983780136882,1.4688159351563619,-0.0023728441595709526,0.4999971848105807,0.6887192279100418
15.84,6.067786142047264,5.344772390627829,1.4688710863955603,-0.002457612794278141,0.4999969800757567,0.7093634456396103
15.856,6.068583832294356,5.352564977337564,1.4688864409128208,-0.0025079137738197588,0.4999968551908448,0.7481534034013748
15.872,6.0693824419743585,5.36036081798448,1.4689165101376584,-0.0025728766693235983,0.49999669016012566,0.7058233767747879
15.888,6.070180316398551,5.368159604680797,1.468930033755162,-0.0026243651851221017,0.49999655636159335,0.7497533410787582
15.904,6.070978406885323,5.375960720208882,1.4689452006709396,-0.0026787231747249507,0.49999641222965807,0.7322914153337479
15.92,6.071776138774439,5.383763668168671,1.468951379863498,-0.002726416115614416,0.49999628333679136,0.7119458168745041
15.936,6.072573833500709,5.391567833691965,1.4689550086683438,-0.0020231725740949003,0.4999979533891602,0.6812330335378647
15.952,6.073373926012921,5.3993723683621155,1.4690084744870513,-0.0021016490181011704,0.4999977915389539,0.7356656342744827
15.968,6.0741719067875595,5.407177123378874,1.4690267158792525,-0.002149674631520604,0.49999768945304834,0.7456506043672562
15.984,6.074970288305247,5.414981232923111,1.4690577092037111,-0.0022104556144766363,0.49999755694696724,0.7245191931724548
16.0,6.075767613144831,5.4227842455065645,1.4690741715207603,-0.002259452446443433,0.4999974474416648,0.7255478948354721
16.016000000000002,6.0765646917527025,5.430585496044343,1.469091860194192,-0.0023108124285853293,0.4999973300777123,1.3705436885356903
16.032,6.077361022195214,5.438384479979194,1.4691015665826395,-0.001661915850317719,0.4999986190191247,1.476704329252243
16.048000000000002,6.078159304668585,5.446180401462377,1.469160265236192,-0.0017397751993817323,0.4999984865926548,1.4788107573986053
16.064,6.078955162250387,5.453973228882512,1.4691850125874963,-0.0017881986064400834,0.4999984011745761,1.4307047426700592
16.080000000000002,6.079751024434478,5.461762286446621,1.4692219980160228,-0.001848816330987546,0.4999982909410344,1.4138415455818176
16.096,6.080545544693603,5.4695473397287975,1.469245629693051,-0.0018985911663618182,0.4999981976779571,1.4046663045883179
16.112000000000002,6.0813394817183655,5.477328001482713,1.4692702316180675,-0.0019503939074176913,0.49999809798421474,1.3786761462688446
16.128,6.082132415408056,5.485104071015218,1.4692875898411868,-0.001356039003991505,0.49999908057967335,1.392076015472412
16.144000000000002,6.082926832648421,5.4928751220624035,1.4693496194848439,-0.0014323804337639245,0.49999897414384803,1.4765651524066925
16.16,6.083718774497076,5.500641457119577,1.469380505314203,-0.0014817081614992844,0.4999989022712654,1.4279314875602722
16.176000000000002,6.084510496413603,5.508402820306714,1.46942247068994,-0.0015421076743424855,0.49999881095290294,1.4180578291416168
16.192,6.085300808968633,5.516159381019552,1.4694521221444823,-0.0015925047775811052,0.49999873196533867,1.3921034336090088
16.208000000000002,6.086090446845738,5.523911186726573,1.4694825550363717,-0.001644675969120435,0.49999864752169776,1.4679329097270966
16.224,6.086879084218124,5.5316584648112155,1.4695065853087554,-0.001692175179385913,0.4999985682729477,1.3621987402439117
16.240000000000002,6.0876669896376345,5.539401451332647,1.4695282149671314,-0.0011382292265480487,0.49999935221739367,1.3960479199886322
16.256,6.088456177297139,5.547140270474124,1.4695890979062038,-0.0012104240999963878,0.4999992674371069,1.3723570108413696
16.272000000000002,6.089243200687749,5.554875661216599,1.4696223128571912,-0.0012586941823080622,0.49999920784489604,1.4653439819812775
16.288,6.090030100056939,5.56260785977035,1.4696651300862458,-0.0013166261245940447,0.49999913324832485,1.4626897871494293
16.304000000000002,6.09081587061909,5.570337459404111,1.4696969026133657,-0.001365642114114607,0.4999990675113878,1.3959525525569916
16.32,6.091601205277549,5.5780649215128895,1.469729188913609,-0.0014161276816415658,0.4999989972918649,1.4248932898044586
16.336000000000002,6.092385856367508,5.585790835456643,1.4697556492244783,-0.0009117321433240733,0.4999995843723646,1.4670874178409576
16.352,6.093171990546065,5.593515570108358,1.4698198851759328,-0.0009836385609434117,0.49999951622774674,1.492440551519394
16.368000000000002,6.093956309896948,5.60124006339259,1.4698575659510589,-0.0010325616861930342,0.4999994669083716,1.44473135471344
16.384,6.094740797322922,5.60896472437312,1.4699045150439816,-0.0010907997692553018,0.49999940507816765,1.4903362095355988
16.4,6.095524496949393,5.616690257057006,1.469940881941805,-0.0011404846810241231,0.49999934964762816,1.5015316009521484
16.416,6.096308083872945,5.6244171883824965,1.4699777747596068,-0.001191602626287036,0.49999929004192656,1.497907042503357
16.432,6.097091321536131,5.632146116813875,1.4700090960659937,-0.0012386900406142765,0.499999232823884,1.4512750506401062
16.448,6.097874474737085,5.639877560744172,1.4700383149386775,-0.04876913484082168,0.49881172826486425,1.4474885165691376
16.464,6.098494115931248,5.647628498098796,1.4666149120091967,-0.046383241379632345,0.4989250686622777,1.4337819814682007
16.48,6.099234920543026,5.655370410736474,1.4651307758808976,-0.045732481058940344,0.4989549989188603,1.4609989523887634
16.496,6.099938245767259,5.663119890833855,1.4625945860896377,-0.04413056479623112,0.49902687859168493,1.5273337066173553
16.512,6.10069168966617,5.670867768174766,1.4606708277640785,-0.11901755877380005,0.4929507893046934,1.4814428985118866
16.528,6.101185388860976,5.678647629563197,1.4529262191595644,-0.11373454742330003,0.49356006636987143,1.5703915059566498
16.544,6.101900801960593,5.686406091021901,1.4484935735522264,-0.11140845636205299,0.49381971111807677,1.5797795355319977
16.56,6.102569341172324,5.694172919419166,1.4423065431763629,-0.10748578226974903,0.49424561511106313,1.543773114681244
16.576,6.103338376861993,5.701928783923739,1.4371851311201138,-0.17494579995054504,0.4848524693711156,1.5364283323287964
16.592,6.103884806932989,5.7097139957622645,1.426454993324106,-0.16771958959463218,0.4860664574954124,1.5642216801643372
16.608,6.104672555178215,5.7174654319841665,1.4189851457539626,-0.16339345585107345,0.4867696592907793,1.7153337597846985
16.624,6.105442430459786,5.725216529086446,1.4098678193382694,-0.15754655065430434,0.4876918826186283,1.7382201552391052
16.64,6.10630927174841,5.732786984356243,1.4018295812346395,-0.1525813327001191,0.4884495231597495,1.794082373380661
16.656,6.107215959825046,5.740345562275203,1.393364475987815,-0.21208628465672152,0.4778448969787902,1.7347851395606995
16.672,6.107986975259437,5.747922561270507,1.3806013888649442,-0.2034376525842454,0.4795904690114771,1.9054898619651794
16.688,6.10895546665318,5.755336101523625,1.3704545082485917,-0.19704790753770407,0.4808360311952047,1.9233007729053497
16.704,6.109941933539693,5.762743119855548,1.3591048204505745,-0.18952394705192965,0.48225434254231236,1.9551549851894379
16.72,6.111054283864312,5.7701220288515565,1.348674293074774,-0.18277706794884452,0.4834814548344936,1.964859813451767
16.736,6.1122308617998415,5.777486252613439,1.3379919974409193,-0.23432664979992124,0.4730443454194607,1.935829520225525
16.752,6.113308158835491,5.784874277113556,1.3234537668130686,-0.22425247897149525,0.47527409688998784,1.9050054252147675
16.768,6.114607647025808,5.792212290051046,1.3113778187021259,-0.21633970180596673,0.4769613807636103,1.9120649993419647
16.784,6.115948261764174,5.7995435346144735,1.2982626298162565,-0.2074258230767434,0.4787940313002813,1.8897193670272827
16.8,6.117426582574111,5.806841944464331,1.2860569792537213,-0.1992694040878602,0.4804072563571044,1.8928039073944092
16.816,6.118985616286052,5.814122695741864,1.2736790492076977,-0.1908974501465739,0.4819993436877432,1.8740661442279816
16.832,6.120653946156481,5.821377540458067,1.2617320617531063,-0.2352517599926438,0.47283503447212577,1.8646416068077087
16.848,6.122241694097809,5.828665568426472,1.246079025567666,-0.22416422831943805,0.47529322695372417,1.8840599060058594
16.864,6.124056537735869,5.835890641462307,1.2328820481418101,-0.21522251626338162,0.47719503465058577,1.8681856989860535
16.88,6.125924385966284,5.843108437593882,1.2187191263819903,-0.20533739476145518,0.4792129091593642,1.8470785021781921
16.896,6.127937228150642,5.850285858343079,1.2054955524670432,-0.1962274386583296,0.4809932394833368,1.7954005300998688
16.912,6.130040425994235,5.85744178978044,1.1921542436326467,-0.18694181555383782,0.4827289843121844,1.852797120809555
16.928,6.132260884158389,5.864565659348057,1.1792839782734836,-0.22415918534656853,0.47529431990524745,1.8030361831188202
16.944,6.134434142421616,5.87172361424003,1.1632092683844293,-0.21253419174510135,0.4777526337224427,1.8327967822551727
16.96,6.136824069710837,5.878808366292355,1.1493764575284564,-0.20285386249931436,0.4797058275212158,1.830439567565918
16.976,6.139280789715789,5.885881575838902,1.1347608948608636,-0.19238792166043028,0.4817206483693341,1.8180859088897705
16.992,6.1418827154380295,5.892907066056464,1.1210455357241993,-0.18265343675703294,0.48350354472455087,1.7771193385124207
17.008,6.144582513991596,5.899905426814352,1.1072957318377452,-0.17280978314619855,0.485216434184191,1.8374630808830261
17.024,6.147402704074709,5.906865143277919,1.094030987894567,-0.20347814202870262,0.47958245657864496,1.7961359024047852
17.04,6.150204457412156,5.913856055921991,1.0780484139657074,-0.1916624499352153,0.48185655781451003,1.7853891849517822
17.056,6.1532091100271895,5.920764929919441,1.0640904145394043,-0.18158787409246324,0.48369334296738115,1.8084365129470825
17.072,6.156290246552034,5.927656508913359,1.0495225108737272,-0.17087703859161163,0.4855420633504807,1.7985700070858002
17.088,6.159512991287002,5.934493314782985,1.0358091378458776,-0.16084902305013138,0.4871749753309875,1.7981410026550293
17.104,6.162837148992792,5.941296624905725,1.0221359858515602,-0.15077131321790516,0.48871986882954094,1.761944442987442
17.12,6.166280923595511,5.948054527092696,1.0089544275147126,-0.17569494940557417,0.4847238030992892,1.7617233097553253
17.136,6.169729065282675,5.954837460043167,0.9934983132189102,-0.16399241166720735,0.48667335653184024,1.771276444196701
17.152,6.173363660553232,5.961531097868492,0.9798602633889728,-0.1538378885746905,0.48826000531087327,1.748727560043335
17.168,6.177092875392691,5.9682197106168315,0.9657657552708683,-0.14318595897728592,0.4898187561763001,1.746191531419754
17.184,6.180960593766799,5.974851852275833,0.9524773459287448,-0.1331675515607733,0.49118549124125366,1.771257370710373
17.2,6.184931647197038,5.9814461937374,0.9392918732995295,-0.12314878720900335,0.4924554433673242,1.6981406509876251
17.216,6.189018765974634,5.987988828532431,0.9265978127540232,-0.1432399563435367,0.4898111283582006,1.7208005487918854
17.232,6.193125517703212,5.994545465854612,0.9120176563652208,-0.13190908910683152,0.4913503392287076,1.7407062649726868
17.248,6.1973986429341155,6.001004489570274,0.8990659853197823,-0.12194778638775361,0.4926011547649248,1.709066778421402
17.264,6.201751644311709,6.007428409423249,0.8857890994602642,-0.11159309700213704,0.49379929375526355,1.681629717350006
17.28,6.206225944339896,6.013781141142261,0.8732702383081595,-0.10181944759039752,0.49483428844229577,1.7049665749073029
17.296,6.210792851145694,6.020082517983443,0.8609051913386476,-0.09208260705767479,0.49577236602349645,1.646008938550949
17.312,6.215462347201672,6.02632102225412,0.8490265657785669,-0.10823932706775796,0.49416496480636074,1.6617316007614136
17.328,6.22015714810531,6.032561070714704,0.8355923591321818,-0.09746411781290698,0.49526539313935647,1.6217836737632751
17.344,6.224994198739897,6.038697516671077,0.8236180809923558,-0.08790195287467162,0.496146563547582,1.671614944934845
17.36,6.229902982372172,6.044789534263095,0.8114266051089272,-0.07803902038368005,0.4969611321615525,1.6485169529914856
17.376,6.234915741727058,6.050803785087288,0.7999462978781919,-0.06871058935729124,0.4976431399859107,1.6419419646263123
17.392,6.240008508951831,6.056759180978576,0.7886581875737307,-0.05944897555726447,0.49823499041074193,1.629893183708191
17.408,6.245188327160859,6.062645453915854,0.7778466178835028,-0.050508293879093724,0.4987255404306173,1.5814849734306335
17.424,6.250445363742994,6.068468899922891,0.7673497141967783,-0.06393581317567287,0.4979588893813628,1.5776808559894562
17.44,6.2557263813398585,6.074281555140929,0.755643463166265,-0.05413221501166898,0.49853628219640045,1.56216561794281
17.456,6.261118886292527,6.079990133932384,0.745202759939526,-0.045362949862688406,0.49897180695116594,1.5851560235023499
17.472,6.266568693730035,6.085647977875107,0.734650093177258,-0.03638610527599084,0.4993383177598645,1.5940268337726593
17.488,6.272099361986932,6.091226310445622,0.7247461809712987,-0.02788535213467558,0.4996113043328252,1.5332618355751038
17.504,6.277692020505887,6.096742539606822,0.7150643826362213,-0.01947666598224984,0.4998103537230997,1.5833590924739838
17.52,6.28335126639028,6.1021883625031235,0.7058368599533492,-0.03068889340280112,0.499529243726067,1.5036958456039429
17.536,6.2890262831813475,6.107620444825777,0.6955287024944963,-0.021672936952513044,0.4997651786718408,1.5848396718502045
17.552,6.294791386365532,6.112949221068331,0.6864059370873302,-0.013621653602161388,0.4999072310145289,1.561402827501297
17.568,6.300600184759697,6.118226789843132,0.6772063170283933,-0.005396581634713016,0.4999854385946885,1.5425169467926025
17.584,6.3064726468063625,6.123426138689952,0.6686255973290332,0.002376379320719657,0.49999717641597713,1.5273183584213257
17.6,6.312392580396469,6.128564609219043,0.6602724499677953,0.01004950628966883,0.49994950541156086,1.532038152217865
17.616,6.318363854735577,6.1336348687175555,0.6523586308939234,0.00040316425933362154,0.49999991872929433,1.507994383573532
17.632,6.324332312911489,6.138680571854222,0.6435262052706542,0.00852441960908834,0.4999636680152069,1.4989043772220612
17.648,6.33037114036347,6.1436296855646955,0.6357706587376065,0.015772871103821196,0.4998756185837642,1.5024124085903168
17.664,6.336442413413172,6.148530727781253,0.6279791586443269,0.023152808917786594,0.49973202160824337,1.5025986731052399
17.68,6.342562833899195,6.153359725013043,0.6207636385666851,0.03011327710022993,0.49954673230513835,1.494971215724945
17.696,6.348719325552226,6.158133242225614,0.6137785746655415,0.03696545104122251,0.49931708885309506,1.506098061800003
17.712,6.354915368072151,6.162845260924157,0.607209582715847,0.028299065434902904,0.49959968832635404,1.451621651649475
17.728,6.361116045049084,6.167545376263925,0.599842032105025,0.0354784751765953,0.49937090291885466,1.4672598242759705
17.744,6.367372890316201,6.172158733048447,0.5934574212679661,0.041862764650262285,0.4991242662191485,1.4662928879261017
17.76,6.373654262436966,6.176730584035816,0.5870610703127113,0.04834998259974732,0.49883205013055276,1.4907103776931763
17.776,6.379974441788843,6.181239259429293,0.5811986935862846,0.05444852937124223,0.4985191430964539,1.443910300731659
17.792,6.386322623473953,6.185700380117318,0.5755609926237124,0.0604371286415164,0.49817589929587663,1.4467965066432953
17.808,6.3927019265376765,6.190108755958918,0.5703129829651085,0.06616805631475664,0.497814087086932,1.4435099065303802
17.824,6.3991079191100955,6.19447075969381,0.5653564531998506,0.05758832028548566,0.49834362497396706,1.4653092622756958
17.84,6.4055147485753565,6.198827415892362,0.5597137338656105,0.06360302594100231,0.49798005354409713,1.4320118725299835
17.856,6.411965105580554,6.203111179478919,0.5549497408549513,0.06890984432992342,0.4976294724461091,1.442430019378662
17.872,6.418433006468931,6.207363242198921,0.5501896760717654,0.0742978861007142,0.4972449870475191,1.4808215200901031
17.888,6.4249304379234715,6.21156426684658,0.5459123720363552,0.07933635383823212,0.49685946888618177,1.4672698080539703
17.904,6.431448540225588,6.2157285375199685,0.541845422219522,0.08427057684344863,0.49645763227289547,1.4385265111923218
17.92,6.4379899767704085,6.219851546502874,0.5381331731716321,0.07581254471150034,0.49713173052106163,1.453949213027954
17.936,6.444528240716437,6.223978172592445,0.5337344815789821,0.08094050897020288,0.4967314641575348,1.4155125617980957
17.952,6.4511033248988126,6.228041202980187,0.530175271551946,0.08538770511907012,0.49636332122507076,1.4477233588695526
17.968,6.457691073075498,6.2320814418786075,0.5266021963356771,0.08992432265150807,0.49596769462144724,1.4455044269561768
17.984,6.464302825734768,6.23607959942291,0.5234820865708167,0.09413004660796531,0.4955828363564291,1.4271356165409088
18.0,6.470930348946631,6.240049706751403,0.520549095087833,0.09824439453178258,0.495189526228906,1.4673897624015808
18.016000000000002,6.477576195182689,6.243987162899229,0.5179438720820642,0.10214153129869441,0.49480166944989795,1.419096440076828
18.032,6.484236940417674,6.247897626097541,0.51558153557055,0.09314558256254735,0.495674481504306,1.4221225678920746
18.048000000000002,6.490891148129979,6.251819316531509,0.512577523796486,0.09724737070498213,0.49528636163191975,1.4435452222824097
18.064,6.497574201071812,6.255689224255391,0.5103384581861161,0.10072798085571666,0.49494407105504307,1.400023102760315
18.080000000000002,6.5042645803085986,6.259545388423667,0.5080772660277242,0.10429717940462524,0.4945807420599092,1.4206583797931671
18.096,6.510972321786429,6.263369693447084,0.5062241440937973,0.10756793034743328,0.4942368499151292,1.4381267130374908
18.112000000000002,6.517690003085471,6.267175117499322,0.5045337317764995,0.11076107330377871,0.493891035358868,1.4172005653381348
18.128,6.524419823861819,6.2709572606623425,0.5031355081574698,0.10150432163478129,0.494866104463059,1.4288851618766785
18.144000000000002,6.531138646240937,6.2747584059375,0.501062052898624,0.1048622592064854,0.49452207611900734,1.4508742094039917
18.16,6.537881329505483,6.278514464257988,0.4997288820146725,0.10761242355227818,0.4942320997399079,1.3886447250843048
18.176000000000002,6.544626763794808,6.282263756672919,0.49834408277258346,0.11046939906947717,0.4939230364367599,1.4445802569389343
18.192,6.55138494456553,6.285987730910231,0.4973407807489511,0.11304308036612998,0.4936378006856698,1.4291475713253021
18.208000000000002,6.558148641308126,6.28969931918374,0.49647216455508786,0.1155556786765306,0.4933531073163533,1.383569985628128
18.224,6.564920146847232,6.293393875246995,0.4958687415426732,0.1178902621969864,0.493083076371043,1.4241120219230652
18.240000000000002,6.571696604206758,6.29707622412792,0.49545166651669303,0.10789004815901437,0.49420241635271434,1.4143936336040497
18.256,6.578458025089136,6.300783520828309,0.49437137933381936,0.11043569419253263,0.49392672902193824,1.40314981341362
18.272000000000002,6.585237287339668,6.304454197897529,0.49397480632491386,0.11241664455011424,0.49370782194628804,1.3916382193565369
18.288,6.592014781315413,6.308124611274513,0.49350842758416924,0.11451261432970572,0.49347203958692437,1.3883043825626373
18.304000000000002,6.5987999759717555,6.311777065946858,0.4933845258878994,0.11635226450481628,0.49326156575073615,1.4106735587120056
18.32,6.605586201643351,6.3154238262354,0.4933695385613734,0.11814551880064839,0.4930532304709929,1.3890153169631958
18.336000000000002,6.612375873089914,6.319060259670967,0.49358904840116274,0.1078336124463366,0.49420845650822065,1.3803009688854218
18.352,6.619147015448144,6.322727813779084,0.49309323415765577,0.10982850369248887,0.49399306076850663,1.3021211326122284
18.368000000000002,6.6259336300544325,6.32636289284364,0.4932730174588798,0.11125794956668678,0.49383632939979594,1.3220173120498657
18.384,6.632715615358778,6.330003286540243,0.49334631547692476,0.1128275518323063,0.4936619350280648,1.34686678647995
18.400000000000002,6.639503216711983,6.3336302873998145,0.4937420658064966,0.11415099291715025,0.49351302505531786,1.3670946657657623
18.416,6.646289837166987,6.337256499428406,0.4942163443315343,0.11544781743859112,0.49336545497309925,1.3295824825763702
18.432000000000002,6.65307825575508,6.340877058289569,0.49489903953258785,0.11660164205738788,0.4932327810173155,1.3552050292491913
18.448,6.659866050549739,6.344496734216079,0.4957124310462459,0.10564764390474046,0.4944400196942544,1.3342061638832092
18.464,6.66663429642111,6.348151515299048,0.4958209041594245,0.10706490459979445,0.4942904193134864,1.342426836490631
18.48,6.673415811968891,6.351780708322434,0.4965507954387325,0.10795930095522044,0.49419500016962314,1.3269366323947906
18.496,6.680191677514126,6.355420102866536,0.49716034477578863,0.1089995045357588,0.49408304270162395,1.3142524659633636
18.512,6.686971922082784,6.359051913946237,0.49805671489946163,0.1098192240154523,0.4939940717235636,1.293797343969345
18.528,6.693750470281267,6.362688037107225,0.4990087363704734,0.11062637614389104,0.4939058239904052,1.3104553520679474
18.544,6.700530198480425,6.366323805515343,0.5001398540676798,0.09953538258653083,0.49506269128581787,1.3242389261722565
18.56,6.707289792645565,6.369999482109801,0.500522133462884,0.10060312042910757,0.4949565554571483,1.332947164773941
18.576,6.71406343362299,6.37365278025281,0.501515526451191,0.10115131221893314,0.4949016297987842,1.2902133166790009
18.592,6.720831704466648,6.377320202906375,0.5023601567716458,0.10186531176204738,0.4948296497564098,1.294323354959488
18.608,6.7276051427144,6.380983380834052,0.5034738225005818,0.1023690472905856,0.49477856657052405,1.3204090297222137
18.624,6.734377575427134,6.384654331792795,0.5046199951575538,0.10287533950099981,0.4947269737704293,1.290043294429779
18.64,6.74115208513741,6.38832810581297,0.5059256421678917,0.10327050338750077,0.49468653094558257,1.2821678817272186
18.656,6.7479265471378085,6.392009087503879,0.5073158494933836,0.09180756179880012,0.49579751279608747,1.2737132608890533
18.672,6.754682099000955,6.395732233987446,0.5079706099511629,0.09252810876863293,0.495731477013973,1.2555724382400513
18.688,6.7614519801047255,6.3994377916386975,0.5091936453737835,0.09276340952218831,0.49570980192411923,1.3065217435359955
18.704,6.768217245176074,6.403160494301872,0.5102570253132858,0.09316926817803362,0.4956722877569462,1.1825985461473465
18.72,6.774988076453997,6.40688259017513,0.5115614405799268,0.09338541314984816,0.49565224307078704,1.231059581041336
18.736,6.781758365996241,6.410615367341939,0.5128805393872844,0.09361524765584894,0.4956308784957893,1.2627694010734558
18.752,6.788530996997216,6.414353887101983,0.5143362817776715,0.08227098245916009,0.49662337130004514,1.2643450498580933
18.768,6.795284456720117,6.418136826627209,0.5150242513210587,0.08281930497879575,0.49657831525936713,1.2607486546039581
18.784,6.802052971222617,6.4219032871590915,0.5162722329736302,0.08288526659770001,0.49657287516414744,1.182607114315033
18.8,6.80881685439536,6.425688283162917,0.5173394722808132,0.08313648913903648,0.49655211663023835,1.235952377319336
18.816,6.815586475920069,6.429473545734508,0.5186343246772823,0.08320553214302073,0.4965464006988193,1.249191239476204
18.832,6.82235539262604,6.4332702810435975,0.5199266957433413,0.08329918737770958,0.4965386396568266,1.1944685876369476
18.848,6.829126438294504,6.4370732290846995,0.5213411276547605,0.07220772603030623,0.49739754989109597,1.2383639812469482
18.864,6.835878277457271,6.440919574060556,0.5219998651267039,0.07263535669395171,0.497366688394841,1.2254554778337479
18.88,6.842644343856549,6.4447503283397065,0.523189770308994,0.0726025403977677,0.4973690631104458,1.173369288444519
18.896,6.849405151354276,6.448599076163793,0.524193294775291,0.07275628946509594,0.4973579280276534,1.197284311056137
18.912,6.856170704642734,6.45244798225188,0.5254063780115652,0.07274004685464508,0.49735910548323115,1.1963284015655518
18.928,6.862934534599778,6.456307660014885,0.5266062796325882,0.07275404971556032,0.49735809040657686,1.2222343683242798
18.944,6.869699281517563,6.46017284398769,0.5279139082142046,0.07268982826035808,0.4973627442668368,1.177319884300232
18.96,6.876462463119121,6.464047002054958,0.5292592842361268,0.0616708665527006,0.4981007617302317,1.1968810856342316
18.976,6.883205493456548,6.467961386232529,0.5298846827655179,0.06198898872682124,0.4980811423513789,1.1636454612016678
18.992,6.889960059914295,6.471860684249028,0.5309999181247149,0.06188089923534523,0.4980878197612642,1.15440234541893
19.008,6.896707488650117,6.475776096885005,0.5319307844567677,0.0619539589415945,0.4980833076450243,1.1651122570037842
19.024,6.903457193570177,6.479690801601017,0.5330496261203713,0.06187312693405422,0.4980882994614222,1.1397235095500946
19.04,6.910202952633215,6.483614567835427,0.5341473181695643,0.06182619940933787,0.49809119451669087,1.1615793406963348
19.056,6.916947237802712,6.48754235363352,0.5353376915667214,0.051269298973568134,0.49868688062585315,1.18537038564682
19.072,6.923669460111153,6.491508324274744,0.5357974839725701,0.051584450889587075,0.498670701908686,1.1520353704690933
19.088,6.930401728751997,6.495457330127914,0.5367383793797406,0.051478249138024346,0.4986761649449867,1.1168548464775085
19.104,6.937125277236779,6.499420398392781,0.5374855295325477,0.05155905587022058,0.4986720092534322,1.1470504850149155
19.12,6.9438497318050185,6.503380732864264,0.5384120449562319,0.0514908778529084,0.49867551590944886,1.1628856509923935
19.136,6.950568961008009,6.5073480521094655,0.5393087584054542,0.05146167599808171,0.4986770164581565,1.1338422447443008
19.152,6.957285634087066,6.511317332413665,0.5402899052800538,0.0513689451267485,0.49868177584660156,1.1372467130422592
19.168,6.9639975657727895,6.515291716603092,0.5412900644033531,0.04114792965614944,0.4991539016286697,1.1239463835954666
19.184,6.970687469437425,6.519299726029281,0.54160901037514,0.04145120528464252,0.49914139071410896,1.0867711156606674
19.2,6.977385518383595,6.5232906456122945,0.5423681388502852,0.04136828777272328,0.49914482038339403,1.0764332115650177
19.216,6.9840744048779175,6.527293108146813,0.5429431831733105,0.04146146155332975,0.4991409660138063,1.0990533232688904
19.232,6.99076333488095,6.531291721679347,0.5436795360927613,0.04142000338702534,0.49914268210427465,1.1035048961639404
19.248,6.997446829742367,6.535295527945821,0.5443838354157066,0.04141752449663505,0.49914278465946665,1.0664662718772888
19.264,7.00412763303445,6.539299997347632,0.545161929634733,0.03184269572266807,0.4994931926929505,1.0512751340866089
19.28,7.010787068779679,6.54333618417099,0.5452628973795666,0.032206852479047754,0.49948153862732875,1.0704770684242249
19.296,7.017455369267735,6.547354276511445,0.5457936374971434,0.032192638135096985,0.49948199600928106,0.9725040942430496
19.312,7.024115585538036,6.551382557522738,0.5461382458192137,0.03235514535595918,0.4994767549100536,1.0416199266910553
19.328,7.030777090448044,6.555405957620513,0.5466377932366092,0.03238736566657696,0.4994757126266403,1.0426204651594162
19.344,7.037434670311921,6.559433474421698,0.5471016227841463,0.032460588986084726,0.4994733400990553,1.0707509517669678
19.36,7.0440912616328735,6.563460728286851,0.5476343842832359,0.02359938807074302,0.49972158613288287,1.0518816113471985
19.376,7.050729335693517,6.567517080862844,0.5475282533223225,0.02403218165442178,0.49971128271136683,1.0193347930908203
19.392,7.05737776635567,6.571555614496208,0.5478290626743606,0.024106192072940846,0.4997095020286914,1.038975641131401
19.408,7.0640205003862455,6.575603279282982,0.5479512417928366,0.024349443452868158,0.49970361088462834,1.022561714053154
19.424,7.070666616198224,6.579645803942659,0.5482192534079527,0.024469734198771853,0.49970067580318184,1.0325999557971954
19.44,7.077311236930162,6.583691790300226,0.5484519022739549,0.024629938915730065,0.4996967443836559,1.058669462800026
19.456,7.083957246911131,6.587737104984945,0.5487488236724013,0.02474067036902383,0.49969401205430847,1.0310845077037811
19.472,7.090603212632135,6.591784661450183,0.5490536300416113,0.016463524754144476,0.49986448842036346,1.0186675935983658
19.488,7.097234926407738,6.595858315134555,0.548783908405998,0.01694620866851393,0.4998564267501719,1.014874130487442
19.504,7.1038784974470595,6.599915833047723,0.5488807754505164,0.017106384861105273,0.4998537000698321,1.0474123060703278
19.52,7.110519302394968,6.60398164938475,0.5488131465842033,0.01742244068438037,0.4998482446359124,0.9858046472072601
19.536,7.117165764371705,6.608042440447589,0.548883235388172,0.01762251018958061,0.4998447396404905,0.9883933514356613
19.552,7.12381314734815,6.612106343787148,0.5489185623973204,0.017861453246504677,0.49984050120675755,1.015462651848793
19.568,7.130464107974143,6.6161693356902855,0.5490142422206795,0.010335408313097094,0.4999465915692495,1.0143561661243439
19.584,7.137103169240742,6.620257034811915,0.5485525388685173,0.01090500072781797,0.49994054283648215,0.986640453338623
19.6,7.143755453904822,6.624328510173869,0.5484423703673448,0.011165299715438337,0.49993767063127126,0.9860541671514511
19.616,7.150406866253396,6.628406952755185,0.5481784997753868,0.01157161420261188,0.4999330518606219,0.9536576271057129
19.632,7.157065057449094,6.632479884058716,0.5480411837743484,0.011871713267239237,0.49992953452255473,0.9883754700422287
19.648,7.163725555566629,6.6365545879577725,0.5478742131731174,0.012205924379903532,0.4999255114043438,0.9378150850534439
19.664,7.1703905730349815,6.640627316739658,0.5477637547726959,0.01249698861456272,0.49992191670278985,0.9811771661043167
19.68,7.1770585613289635,6.644700402092545,0.5476613036136896,0.005610050835958447,0.4999842638298964,0.9982834011316299
19.696,7.183717123315349,6.648793933791981,0.5470722347033475,0.00622920176873043,0.4999805987736058,0.9441185742616653
19.712,7.190388032081975,6.65287183495397,0.5467943500437616,0.006575629958536666,0.4999783808569229,0.9401434659957886
19.728,7.197058703973208,6.656954353087768,0.5463842330034274,0.007048546294697644,0.4999751594089466,0.9002601355314255
19.744,7.203735597114929,6.661030410312951,0.5460878725860274,0.007426782526994913,0.49997242195769553,0.9061238914728165
19.76,7.210414570080166,6.665106288074617,0.545768200460547,0.007833352385053338,0.4999693199227378,0.9220307320356369
19.776,7.217097337853282,6.669178588781691,0.5455008552307319,0.0016782172083016356,0.499998591794823,0.9701079875230789
19.792,7.223770683545398,6.673268501651476,0.5447700063738892,0.0023704432427580358,0.4999971905046786,0.9438139200210571
19.808,7.230455179393676,6.67734147453185,0.54433803681419,0.002800917222427035,0.4999960774416142,0.9014817327260971
19.824,7.237138730134801,6.68141679736871,0.5437812635368542,0.0033513615439497713,0.4999943842089258,0.925920382142067
19.84,7.243827368527716,6.685483833320953,0.5433347926459575,0.0038102303357892,0.499992741107522,0.9052971005439758
19.856,7.250517074688606,6.689548552418269,0.5428676698402021,0.004295141383098944,0.4999907759369724,0.8720576763153076
19.872,7.257209418092301,6.693607688289843,0.5424522132788504,-0.001153856108177198,0.4999993343083363,0.8949950337409973
19.888,7.263892413029996,6.697680491558246,0.5416200169540784,-0.0004089113378280551,0.4999999163957635,0.8999422937631607
19.904,7.270584547863316,6.701735665200099,0.5410618302486688,9.667371372179545e-05,0.4999999953270965,0.9144061803817749
19.92,7.277274925470103,6.705790722964535,0.5403937765245314,0.0007090213786251631,0.4999997486443844,0.9311270713806152
19.936,7.283968989434281,6.709836067536474,0.5398288864896226,0.0012362989162948423,0.4999992357828841,0.8996408432722092
19.952,7.290663161993884,6.713877170756097,0.5392485010508203,0.0017851672911932681,0.4999984065905639,0.872081071138382
19.968,7.297358918445326,6.717911144231799,0.5387181515254253,0.0022968356660730826,0.49999736227759994,0.8925452083349228
19.984,7.304054981393417,6.721939760785664,0.538201018210926,-0.002574806805004215,0.49999668519228374,0.8873047679662704
20.0,7.310742178154269,6.725978112296726,0.5373267686296861,-0.0018121530587604795,0.49999835805244314,0.8626265078783035
20.016000000000002,7.317436527469202,6.72999915828318,0.5366941504364089,-0.001259318375725904,0.4999992070590334,0.8487926423549652
20.032,7.32412880729761,6.734018230740295,0.5359704063897036,-0.0006165202369459166,0.49999980995142274,0.8505025506019592
20.048000000000002,7.3308238613951655,6.738027139747948,0.5353401698465169,-4.986538189477585e-05,0.49999999875672185,0.8818790316581726
20.064,7.337518795277638,6.7420307860822515,0.5347005785061296,0.0005330304307902267,0.49999985793929336,0.8855598419904709
20.080000000000002,7.344215071775139,6.746026818165377,0.5341084114535438,-0.0037359781221049104,0.49999302126620426,0.8359129726886749
20.096,7.350903367510051,6.750031201251613,0.5331821774982766,-0.0029414509051872706,0.4999956739457627,0.8452975004911423
20.112000000000002,7.357598868610795,6.754018538194418,0.5324860560499901,-0.002346340632576105,0.4999972473478694,0.853198766708374
20.128,7.3642931406094565,6.758003448698775,0.53170647867125,-0.0016679697680603844,0.4999986089397164,0.8606119453907013
20.144000000000002,7.370990908996269,6.761978327982743,0.5310174220333758,-0.001062954275126593,0.49999943506431727,0.8561353385448456
20.16,7.377689650215439,6.765947936450578,0.5303219419778484,-0.00044416492832066723,0.4999999013587647,0.8598445355892181
20.176000000000002,7.384390909792219,6.7699101733139875,0.5296735354594747,-0.004160332344087969,0.49999134586732313,0.803588479757309
20.192,7.391086535969336,6.773879544233736,0.5287300175371293,-0.003354956423311073,0.49999437215481407,0.7940247654914856
20.208000000000002,7.397790175111712,6.777833365524759,0.5279961233389519,-0.0027305206937118243,0.49999627213763526,0.8311136066913605
20.224,7.404494462246348,6.781784872568633,0.5271912663412202,-0.0020339375500917356,0.4999979315518735,0.7885310053825378
20.240000000000002,7.411203712732711,6.785727331219688,0.526471076845654,-0.0014053757393623911,0.49999901246016576,0.8240643888711929
20.256,7.4179157776877584,6.789665100962128,0.5257487800375746,-0.0007667933920405545,0.49999970601400456,0.7792651653289795
20.272000000000002,7.424632104258059,6.793596364680607,0.525072210602763,-0.00016109011776377358,0.49999998702498716,0.7783456891775131
20.288,7.431352144762554,6.797522726503126,0.524414400019039,-0.0034456857379652206,0.4999940636483913,0.8335521817207336
20.304000000000002,7.438069748625593,6.801455469467052,0.5235082370758912,-0.0026651738967906624,0.49999644843245905,0.7627004384994507
20.32,7.444796539762304,6.805375116003465,0.5227859857689962,-0.002042186356929321,0.4999979147403406,0.7521815598011017
20.336000000000002,7.451526247994277,6.809293084850906,0.5220072864374099,-0.0013601429086693706,0.4999990750062044,0.793069526553154
20.352,7.4582625062553,6.8132035932595185,0.5213053797623102,-0.0007388921919107005,0.4999997270192141,0.798366367816925
20.368000000000002,7.465003423250568,6.817110388169051,0.5206059081101855,-0.0001116180825246893,0.4999999937707018,0.7341606914997101
20.384,7.471750137443609,6.821011886521045,0.5199497898110014,-0.002971432972465493,0.4999955853060382,0.7362877577543259
20.400000000000002,7.478496136243562,6.824919797028705,0.5190630700498121,-0.002201176428155982,0.4999975774150787,0.7783988863229752
20.416,7.48525209494331,6.828815732803811,0.5183507309780798,-0.00157993412662627,0.4999987519051163,0.765979066491127
20.432000000000002,7.492012015033812,6.832710353618636,0.5175875322538775,-0.0009046335804310246,0.49999959081915424,0.7617609947919846
20.448,7.498779098983955,6.836598135461104,0.5168982906696582,-0.0002876037102987894,0.499999958642054,0.7476729899644852
20.464000000000002,7.50555139476804,6.8404825075947215,0.5162133032194535,0.0003338323202726201,0.499999944277993,0.7765497267246246
20.48,7.512329758792164,6.84436188330717,0.5155708836821191,0.0009253577699048776,0.4999995718566211,0.7512228935956955
20.496,7.519113437319678,6.848237424726939,0.5149493233424404,-0.0016139572262616753,0.4999986975721668,0.7349277287721634
20.512,7.525897213501543,6.8521181120309675,0.5141338019481027,-0.0008900427201714578,0.4999996039120827,0.7558038085699081
20.528,7.53268991772916,6.855988020369748,0.5134716605293291,-0.0002961396439720154,0.4999999561506569,0.7109183818101883
20.544,7.539486198441502,6.859856215681862,0.512769645557031,0.0003418289441334821,0.4999999415764888,0.7350221276283264
20.56,7.546288528564757,6.863717845263118,0.512134764505658,0.0009276647000127092,0.49999956971922566,0.6961307674646378
20.576,7.5530950035176385,6.867575757964021,0.5115071839281011,0.0015151274533207193,0.49999885219527845,0.7315820455551147
20.592,7.559906113849134,6.8714284957455565,0.5109197138672881,-0.0007118139526482992,0.4999997466604912,0.6974732875823975
20.608,7.566716295742664,6.875285356736186,0.5101514733640254,-1.7509150269656715e-05,0.49999999984671484,0.7150441408157349
20.624,7.573533613520816,6.879131291044261,0.5095286899488739,0.0005536713153668771,0.49999984672405295,0.6888797879219055
20.64,7.5803529369933695,6.882974763595334,0.5088698025997064,0.0011653883902211781,0.4999993209352574,0.713941752910614
20.656,7.58717644615014,6.886811161629218,0.5082752989246536,0.0017272298083446103,0.4999985083400779,0.7154529541730881
20.672,7.594002264757553,6.8906431265103105,0.5076889409331962,0.0022897598479869608,0.49999737850450077,0.6806445121765137
20.688,7.6008307715863985,6.894469263206252,0.5071415206669533,0.00032922453622541425,0.49999994580560425,0.7290779799222946
20.704,7.607656933866899,6.8982979336050985,0.5064343371535448,0.0009831453953639269,0.49999951671272147,0.6725595146417618
20.72,7.614487879680965,6.902115636168246,0.5058599426716865,0.00152501260814919,0.49999883716917387,0.6962455064058304
20.736,7.621319025839032,6.90592998694499,0.5052554409160049,0.0021017705149963817,0.4999977912836034,0.7347932457923889
20.752,7.628152318148443,6.909736878629106,0.5047109210370397,0.002632292964014127,0.49999653552487755,0.6656279414892197
20.768,7.6349861186996915,6.913538727413178,0.5041758918677808,0.003162009734449356,0.49999500086388066,0.6711852550506592
20.784,7.641820821012775,6.9173343395187885,0.503677930223377,0.0036662041575579174,0.4999932795036478,0.6762249022722244
20.8,7.648655739003212,6.921124544325801,0.5032012332038274,0.0018801047892780254,0.49999823260507315,inf
20.816,7.65548706053581,6.9249159361683885,0.5025887098333451,0.002469455827189382,0.49999695090015683,inf
20.832,7.662321031368007,6.928696911946027,0.5020936691333306,0.0029602784762903234,0.4999956183884705,inf
20.848,7.669153864222112,6.93247418366297,0.501574988896046,0.003479773005961473,0.49999394561435073,inf
20.864,7.675987400206779,6.936244311664595,0.5011106337951954,0.003957795995738422,0.49999216796632223,inf
20.88,7.682820419301448,6.940009519455694,0.5006568310472347,0.004433702853426702,0.49999017120390793,inf
20.896,7.689653462120272,6.943768907725218,0.5002374111894283,0.002824225424544302,0.49999601188597914,inf
20.912,7.696482754843171,6.947529560800343,0.49968901975682095,0.003368403700755085,0.4999943269497102,inf
20.928,7.703314413565293,6.951280548471567,0.4992524811838728,0.003818645428310674,0.4999927090089857,inf
20.944,7.710145068677264,6.955028379277644,0.49879358682470554,0.004295997545609609,0.49999077225931204,inf
20.96,7.716976671114147,6.958769891137691,0.498386447811381,0.004733740524013985,0.499988795934014,inf
20.976,7.7238082694736985,6.962507312307809,0.49798941861941215,0.005169342888036166,0.49998663906606433,inf
20.992,7.730640569496872,6.966239890227907,0.49762513911499134,0.005582528833315337,0.4999844178477843,inf
21.008,7.737473397253894,6.9699685413949215,0.4972805314388281,0.004076751889704688,0.4999916900930516,inf
21.024,7.7443039693181355,6.973699043539248,0.4968238760087053,0.004554848618605778,0.4999896267487678,inf
21.04,7.751137826014029,6.977421865502522,0.4964669864282854,0.004949553037516097,0.4999877510623901,inf
21.056,7.757972180562973,6.981142847978875,0.4960917654143438,0.005367279772168665,0.49998559629223693,inf
21.072,7.764808885902351,6.984859288504131,0.4957633657627712,0.005749450638262488,0.4999834720907968,inf
21.088,7.771647227615621,6.988573226388826,0.49544512094398163,0.006129030291897486,0.49998121772902765,inf
21.104,7.778487917977946,6.992284056929066,0.4951569093184645,0.01579915673306731,0.4998752037073874,inf
21.12,7.785346203214654,6.995964197408675,0.49556671160631927,0.015656777187450732,0.49987744267889184,inf
21.136,7.792195658608447,6.9996632226221704,0.49561741535476506,0.015842092420045528,0.4998745245513412,inf
21.152,7.799051289000465,7.003353950580589,0.4958950167481059,0.015827215631440517,0.49987476008076664,inf
21.168,7.8059050306434425,7.007051826565133,0.4960728160307082,0.015906174325833966,0.49987350747750303,inf
21.184,7.812761602400784,7.010748604156422,0.4963313023723093,0.01591697862939956,0.49987333559301567,inf
21.2,7.819618577121699,7.014449183709107,0.49656935224944365,0.07135430058852599,0.4974585994156365,inf
21.216,7.826568366081421,7.017982834687633,0.5008626895965508,0.06848943502859628,0.4976582636235186,inf
21.232,7.833451204531804,7.021644244593429,0.5028924850920014,0.067656095670527,0.4977148162468054,inf
21.248,7.840356177185298,7.025269316114034,0.5061641154593532,0.06569939736217467,0.49784489804026466,inf
21.264,7.847233203478731,7.028948241403065,0.5087263278307629,0.0643734593116898,0.49793088933015317,inf
21.28,7.8541098386401345,7.032630290105409,0.5116599261988192,0.06270887729699659,0.4980363743023989,inf
21.296,7.860970300956506,7.036342937083039,0.51436212783506,0.11222460762859043,0.49372921069609593,inf
21.312,7.867908807915052,7.039917231472488,0.5208649677297151,0.1079459783495178,0.4941964272323719,inf
21.328,7.874769679639076,7.043628228160239,0.5251917630566659,0.10560894470015958,0.49444407708754073,inf
21.344,7.881639145341218,7.04732208151649,0.5306564248920743,0.1022310336852601,0.4947925870689127,inf
21.36,7.888467701125796,7.051081935974244,0.5354145098607344,0.09947014261108977,0.4950691400806243,inf
21.376,7.895281906175379,7.0548600171736675,0.5404866581402844,0.14202888280618442,0.489981535710167,inf
21.392,7.90214564653756,7.058546698258787,0.5486142159502133,0.13665628316968492,0.49072051115816034,inf
21.408,7.908926711121131,7.062361386953553,0.5549222544530237,0.13289525256737234,0.4912212896848089,inf
21.424,7.915697952467859,7.066180218691179,0.562113175157512,0.1283084673826007,0.4918135416321943,inf
21.44,7.92233801834353,7.070019063918544,0.5686807827296961,0.12422866783060504,0.4923232324773487,inf
21.456,7.928950228550457,7.073888352746731,0.57545740012452,0.11993269363558134,0.49284249096263033,inf
21.472,7.935522025192675,7.077808155904087,0.5819777622050182,0.1564899896852574,0.48785506857448363,inf
21.488,7.9421373199350995,7.081649980470708,0.5914492830706615,0.15004347523318629,0.4888276974736229,inf
21.504,7.9486598467905525,7.085623067962455,0.5990966092576511,0.1452038468114747,0.4895318037451169,inf
21.52,7.95516733219797,7.089610004426942,0.6075690221543474,0.13958097797196434,0.49032167475228317,inf
21.536,7.9616169149862355,7.093673661844668,0.6153910718134274,0.13450472936029323,0.49100865800218985,inf
21.552,7.968033863053532,7.09777763293518,0.623379921141021,0.1292405962210217,0.49169482981175816,inf
21.568,7.9744054173683505,7.101940728558356,0.631079369325496,0.15990558957049483,0.487323699472146,1.9958417117595673
21.584,7.980812006508911,7.106052384507736,0.6413325100038632,0.1527662213526022,0.48842173211479734,inf
21.6,7.987124853699548,7.11029128624207,0.6499274775728836,0.1470768034102421,0.4892619699500439,inf
21.616,7.99341806122489,7.114556996237445,0.6592015698608125,0.14072844804297358,0.4901629492620931,1.9746898114681244
21.632,7.999651341379103,7.11890297313988,0.6678535118389163,0.13489425744540728,0.4909568211349241,1.9956253468990326
21.648,8.005848988238577,7.123298094025385,0.6766044151466531,0.12892599137969363,0.49173499042933244,1.99354887008667
21.664,8.011999193627528,7.127758243331951,0.6850523509621411,0.1541864315986432,0.4882071702786053,1.9763122498989105
21.68,8.018177430225043,7.132190907586686,0.6956683484768617,0.14661693609399773,0.48932853338940874,inf
21.696,8.024263664714377,7.136745287344011,0.7047934317459065,0.1403412898730263,0.4902166449179714,1.9706813991069794
21.712,8.030327262112994,7.1413374484471674,0.7144576566944814,0.13352739181392703,0.4911380742521984,1.9889268279075623
21.728,8.036330832011553,7.14601180756101,0.7235317520491025,0.12719321429797947,0.4919544710250931,1.9854898750782013
21.744,8.04229713642287,7.150742283951248,0.7326418875980276,0.1207756391726984,0.4927420158294897,1.9574037194252014
21.76,8.048215242656276,7.155541896916304,0.7414397574406711,0.1412653205302714,0.4900882511846282,inf
21.776,8.05415498084665,7.160334164702171,0.7520536074268153,0.1335107971367413,0.4911402637187558,1.9981683790683746
21.792,8.060005445812218,7.165241812108657,0.7613329072467993,0.126904383368998,0.49199077304092154,1.9834186136722565
21.808,8.065830652213602,7.170195407304053,0.771026162116959,0.1198679375748064,0.4928501810351831,1.9487065076828003
21.824,8.071596114379012,7.175231109536643,0.7801616400291219,0.1132770798470002,0.49361154675710084,inf
21.84,8.077322682884178,7.180327089345424,0.7892788507592707,0.10664633474524221,0.49433480616790476,1.9832153618335724
21.856,8.083000168115953,7.1854935657254835,0.7980785032718025,0.10024414816408012,0.4949923628750244,1.9564767181873322
21.872,8.088635780440478,7.1907231848154645,0.8067273435077875,0.11685259924494407,0.4932037528705764,1.971391886472702
21.888,8.094298470461261,7.195978357179714,0.8167969281812522,0.10929972446139136,0.4940505334579914,1.9831857085227966
21.904,8.099876225770476,7.201337414597171,0.8257237334885615,0.10271555232546747,0.4947432836982432,1.9797319173812866
21.92,8.105424528493966,7.206746277464711,0.8349309539603841,0.09581714652784434,0.49542356826251643,1.9634546339511871
21.936,8.11091300535487,7.2122316202136965,0.8436287276994063,0.08931459927907337,0.496022045585032,1.941661536693573
21.952,8.116359379008518,7.217775732388926,0.8522562998837943,0.08281283694608987,0.4965788484705769,1.9677026569843292
21.968,8.121754438787407,7.223385310716203,0.8605708886623274,0.0960913477925458,0.49539741868914666,1.9802497327327728
21.984,8.127155207261087,7.229009403617717,0.8701272139974923,0.08871209567002047,0.49607539360183484,1.9791066646575928
22.0,8.132469415965963,7.2347262434888435,0.8786202574481145,0.08222567518179202,0.49662708096486147,1.9546198844909668
22.016000000000002,8.137749325292198,7.240489178999633,0.8873302499969535,0.0754774767407751,0.49715698016120957,1.9547434151172638
22.032,8.142966277356729,7.246319929311737,0.8955475364678277,0.06910564348601378,0.49761600364296776,1.9931221008300781
22.048000000000002,8.148136868391436,7.252202707718702,0.9036674339074345,0.06275428498281999,0.4980335332736243,1.9316819310188293
22.064,8.153252440829688,7.258142347369645,0.9114722000963196,0.07331872597758426,0.4973169950027679,1.9467675685882568
22.080000000000002,8.158363908118018,7.264097095177353,0.9202955971945528,0.06627849735306635,0.497806794683873,1.9790799915790558
22.096,8.163389319982993,7.270128742293242,0.928167789190197,0.06002756656284092,0.4982005085591996,1.9629882276058197
22.112000000000002,8.168375235370236,7.276199167294767,0.9361835558001346,0.053577904211241645,0.4985660769475163,1.9677774608135223
22.128,8.173296483396747,7.282324997922183,0.943737006904207,0.047474756016608666,0.49887392015801296,1.9990111887454987
22.144000000000002,8.178167993070588,7.288492922735194,0.9511664856159607,0.041413306043881715,0.49914295916872964,1.960614025592804
22.16,8.182982402525667,7.294706162227252,0.9582865315247038,0.03555944824939994,0.4993680292577429,1.9696283340454102
22.176000000000002,8.187744862597382,7.3009589698667945,0.9652025146932459,0.044241474976118855,0.49902198428852906,1.9784756004810333
22.192,8.192494285056362,7.307222524807053,0.97290439539529,0.03781971350318525,0.49928517554458024,1.97509765625
22.208000000000002,8.197161786012906,7.313542928014186,0.9797839960118838,0.03206963736748136,0.4994859454442779,1.9590407609939575
22.224,8.201787212563314,7.3198909539459915,0.9867359756053471,0.026184500411154943,0.499657264309587,1.9820436835289001
22.240000000000002,8.206349895560955,7.326278803515001,0.9932663816740778,0.020608575049419375,0.49978767337908764,1.9516956806182861
22.256,8.210862981430633,7.332696139664333,0.9996520679412658,0.015092707920837611,0.49988611373158015,1.9729530811309814
22.272000000000002,8.21532087498042,7.339145192533082,1.005742381336274,0.02227219401277214,0.4997520156952537,1.9915246963500977
22.288,8.219764621474246,7.3455986907223405,1.012530368955887,0.016359875068479468,0.4998661891824659,1.9740307331085205
22.304000000000002,8.224130370748899,7.352096163564908,1.0185498828115755,0.011073228642036526,0.49993869430947624,inf
22.32,8.228455848476235,7.358612846705941,1.0246173652563244,0.00567560474486406,0.49998389392833004,1.9656118750572205
22.336000000000002,8.232722303228623,7.36515946946448,1.0302829459673668,0.0005720687271777436,0.49999983636870354,inf
22.352,8.236942507227642,7.371727505758036,1.0357995991343498,-0.004465120567474834,0.4999900314154081,inf
22.368000000000002,8.241111753267493,7.378319235168476,1.0410305055099984,0.0016605719945874675,0.49999862125159267,1.995958834886551
22.384,8.2452675300881,7.384912371267091,1.0468508769297071,-0.003666114061521064,0.49999327983395125,inf
22.400000000000002,8.24935312736983,7.391539972824472,1.0519745501389928,-0.008427815004492523,0.499964486807948,inf
22.416,8.253402852451085,7.398181959476022,1.0571186604581617,-0.013271945926278228,0.49991193289669383,inf
22.432000000000002,8.25740040648429,7.404847664222881,1.0618890296661312,-0.0178433740074464,0.4998408238962384,1.9882462918758392
22.448,8.261357682848974,7.411530449637871,1.0665082313613468,-0.022342615073606797,0.4997504453052554,1.9782406091690063
22.464000000000002,8.2652709035636,7.418232644119942,1.0708567925681858,-0.02666268667272398,0.4996446347912444,inf
22.48,8.269145022011083,7.424951804682099,1.0750050494015517,-0.02093178795274042,0.49978096211908807,inf
22.496000000000002,8.273010153335767,7.431672180896548,1.0796384637284169,-0.02548991993598948,0.4996752023442156,inf
22.512,8.27681702362464,7.438420925457873,1.0836555154763088,-0.029551700951099935,0.4995634755803454,inf
22.528,8.280596028902892,7.445182242071036,1.0876712531144035,-0.033671875387551786,0.49943331662014634,inf
22.544,8.284333245742001,7.451964102641586,1.0913485507895615,-0.03754725194352737,0.4992954331276715,1.998087614774704
22.56,8.288039360758368,7.45876147152363,1.0948786176664673,-0.04135005382166934,0.49914557366477114,1.995965987443924
22.576,8.2917113240461,7.46557653583676,1.0981596520051635,-0.03593387320644936,0.49935465621520597,inf
22.592,8.295381485058982,7.472393485843234,1.101909010459125,-0.03989370939218473,0.4992046680355406,1.9919301569461823
22.608,8.29900195972409,7.4792373967254075,1.1050738337884365,-0.04338128935942809,0.4990596219993457,inf
22.624,8.302602212987086,7.486093886510506,1.1082423784947686,-0.04692744789073888,0.49889971535000427,1.953476369380951
22.64,8.306168660171362,7.492970347619957,1.111092560131391,-0.05024248093646033,0.49873890821817,inf
22.656,8.309711560792142,7.499862133805378,1.113807387716005,-0.05349134277524925,0.4985707021325111,inf
22.672,8.313227829539205,7.506771186702277,1.1162897275586503,-0.05658737031574779,0.49840064297084224,inf
22.688,8.316721705600706,7.513695743004815,1.118597833096121,-0.05098952524350242,0.4987011603747074,inf
22.704,8.320220032025826,7.520623182813948,1.121326918335089,-0.05423345632031662,0.4985308073851455,inf
22.72,8.323678881241781,7.527574982286468,1.1235279842989145,-0.05705223909011181,0.4983742860331509,inf
22.736,8.327125007883424,7.534538341670004,1.1257316680260727,-0.059924211774810665,0.4982066925000367,inf
22.752,8.330545842719271,7.541519332654408,1.1276478494240518,-0.0625887612586169,0.49804387975568987,1.9970391690731049
22.768,8.333950549907364,7.548513499869452,1.129441756774485,-0.06519466583172129,0.49787783697240684,1.955210268497467
22.784,8.337336120203823,7.555522088600046,1.1310260571332107,-0.05951713464148067,0.4982309456568171,1.984667032957077
22.8,8.340731739184214,7.562531250202324,1.1330442897189485,-0.06223089206787602,0.49806615635934726,1.9762535393238068
22.816,8.34409320027226,7.569561370718592,1.1345544067702005,-0.06453225062838808,0.4979206830970047,inf
22.832,8.347446931616012,7.576599679531096,1.1360831729032093,-0.06689625087669437,0.4977657815842133,1.9653840363025665
22.848,8.35078010057807,7.583651688384606,1.137342544136282,-0.06906381442749687,0.49761888420630623,1.960204839706421
22.864,8.354101569835041,7.590712711955991,1.1384965499655049,-0.0711825996246751,0.4974707948836441,1.9286686182022095
22.88,8.357408073464446,7.597783616251888,1.1394584568677624,-0.07317508206204515,0.49732747888262346,1.95572167634964
22.896,8.360702994623583,7.604862120049422,1.1402806125282425,-0.06703950465313468,0.4977562168394707,1.9779740273952484
22.912,8.364011227466829,7.611936198347198,1.1415219345540861,-0.06915893127399553,0.49761233146268014,inf
22.928,8.36729083892348,7.6190242472776815,1.1422958209503296,-0.07089734874901765,0.49749099098901783,1.9640359282493591
22.944,8.370566557722523,7.626114201876295,1.1430981400554296,-0.0727015259348458,0.49736189688925087,1.9611410796642303
22.96,8.373826121260928,7.633210900051919,1.1436578140945775,-0.07432768637423326,0.49724278065020444,1.9751936197280884
22.976,8.37707772806127,7.640309822766028,1.1441292944200443,-0.07591466356799348,0.4971240131069119,1.969444751739502
22.992,8.380318085805035,7.647411698595993,1.1444309808322186,-0.06955529694875162,0.4975849287605509,1.98470339179039
23.008,8.383575029883005,7.654503259743271,1.1451804036855873,-0.07125346719969583,0.4974657648828035,1.9689369201660156
23.024,8.386805684872087,7.661603201319329,1.1454743058495163,-0.07257517988652706,0.49737104220953304,1.9739511609077454
23.04,8.39003507402144,7.668699594802643,1.1458176941681788,-0.07397590421211664,0.4972687704138977,1.9559021294116974
23.056,8.393250700935969,7.675797541907492,1.14593420865726,-0.07520668432704714,0.4971773051051633,1.8672698736190796
23.072,8.396460886960112,7.68289277366873,1.1459810886050104,-0.07640887899992244,0.49708651817499855,1.9446466863155365
23.088,8.399662186262095,7.689986402882583,1.1458708378701392,-0.06983574105322177,0.4975654462969644,1.9259999692440033
23.104,8.40288222259866,7.697065720613726,1.1462203370778394,-0.07116095218640783,0.4974723303727194,1.9713282585144043
23.12,8.406078503019687,7.704149606346278,1.146130494930743,-0.07211851067971553,0.49740396562139993,1.9331203401088715
23.136,8.409276271763773,7.711226544428493,1.146108948646469,-0.0731664755150776,0.49732810638500946,1.9241484999656677
23.152,8.412462880911473,7.718302226719402,1.1458757331312261,-0.0740525668037133,0.4972631169904047,1.9256001710891724
23.168,8.41564684095381,7.7253728578380265,1.145590873899421,-0.07492080935910383,0.4971986834343587,1.8875272572040558
23.184,8.418824867678861,7.732440053546413,1.1451691781048867,-0.07569481425906854,0.49714061495516054,1.9398339092731476
23.2,8.422000230276343,7.7395025412435565,1.1446616388165853,-0.06867967009977116,0.49764525731247955,1.9086164236068726
23.216,8.425196819045585,7.746549920090743,1.144605263122425,-0.06961777816518211,0.4975805949311475,1.898726224899292
23.232,8.428374483430485,7.753600725569715,1.1441474618503358,-0.0702180645143482,0.49753876080943815,1.933867633342743
23.248,8.431557086585334,7.760644680885422,1.1437651250832992,-0.0709105376069834,0.49749005897803505,1.913512945175171
23.264,8.434732954404181,7.767687699687601,1.1431965689243107,-0.0714597282589513,0.49745109670530757,1.9064050912857056
23.28,8.437910143988674,7.774726778058488,1.1425904444296293,-0.07199938576291309,0.49741251995347796,1.9193771481513977
23.296,8.441085735328961,7.781763946050962,1.1418674509816262,-0.06487486568648526,0.497898576505101,1.8640929460525513
23.312,8.444286692416263,7.788787758324803,1.1416251790161565,-0.06557815799120714,0.49785283320627943,1.8703140318393707
23.328,8.447471758720717,7.795817785250094,1.14098798726819,-0.0659457078342629,0.49782873204495837,1.8674182891845703
23.344,8.45066545134228,7.802843699964762,1.1404451921543792,-0.0664189533014592,0.49779750293602,1.8854430317878723
23.36,8.453855732902305,7.809871895846788,1.1397278192529599,-0.06675579422161837,0.4977751398247724,1.8640975654125214
23.376,8.45705083447268,7.816899461221041,1.1389881946351663,-0.06709335709976738,0.49775261596837717,1.8641677498817444
23.392,8.46024767587728,7.823928645831705,1.1381446019891635,-0.06735853377877987,0.4977348428770641,1.8789438903331757
23.408,8.463449410508378,7.830958791521162,1.137245301063126,-0.059976606529963394,0.49820355893377377,1.8134744465351105
23.424,8.46667963253474,7.837979857671529,1.1368191200890747,-0.06044868659047831,0.49817520240006746,1.847081184387207
23.44,8.46989857177386,7.84501088208375,1.136025510086687,-0.060607327892056695,0.49816562359384786,1.8609997630119324
23.456,8.473129671078755,7.852041732427143,1.1353338068344745,-0.06087540663687996,0.49814938014705895,1.8286551535129547
23.472,8.47636120502035,7.85907848607285,1.1344856960723593,-0.06102073145171305,0.49814054479848363,1.8310442566871643
23.488,8.479600901253626,7.866118095335514,1.1336271191280372,-0.06117449257722507,0.4981311737225942,1.8196670711040497
23.504,8.482845592998181,7.873162477804026,1.1326794626306844,-0.05385752328171334,0.4985510853292132,1.813163310289383
23.52,8.486121378760785,7.880199870993873,1.1322264374986588,-0.054214613630578334,0.4985318271102384,1.7687153816223145
23.536,8.489387440400527,7.887249568246684,1.1314111982130133,-0.054260183842396614,0.4985293603447882,1.8220354616641998
23.552,8.492667383683116,7.894300717228129,1.1307117673470528,-0.05442504166041662,0.4985204191674647,1.8282364308834076
23.568,8.495948958980563,7.9013591585921805,1.129864644053341,-0.054472144045020876,0.4985178595747747,1.7932596802711487
23.584,8.499239727462214,7.9084213034342845,1.1290183080673597,-0.05453493734227255,0.498514443891635,1.786884218454361
23.6,8.502536147968417,7.915488668495195,1.1280924036430058,-0.054541464342174883,0.4985140886262537,1.7877000570297241
23.616,8.505840747222734,7.922559789404408,1.1271336723597858,-0.04717185711429028,0.4988882329441076,1.7644086480140686
23.632,8.509175668153263,7.929623864772456,1.1266524440761632,-0.04741716944753005,0.4988766483096532,1.7856314778327942
23.648,8.512501928180527,7.936698881804412,1.1258353340360212,-0.047372410102186624,0.4988787664940834,1.7655481398105621
23.664,8.515841538807138,7.943773873567581,1.1251358297602738,-0.04744581015288585,0.4988752918748901,1.788744032382965
23.68,8.519182590336088,7.95085391604145,1.124303712556896,-0.04741241754881731,0.4988768732824118,1.7910441756248474
23.696,8.52253191831599,7.957935064097615,1.123479723715892,-0.04739853172141695,0.49887753056089135,1.748049557209015
23.712,8.525885877639706,7.965018302592924,1.1225874651448569,-0.040256340224869014,0.499190151150718,1.748175024986267
23.728,8.529268645956233,7.972091276256634,1.1221848530015701,-0.04047110118996322,0.4991814920114792,1.7369332909584045
23.744,8.532640871625087,7.979171991071398,1.1214515225259971,-0.04039782572622386,0.4991844516371894,1.7583400011062622
23.76,8.536024447359196,7.986249080364334,1.1208445676894248,-0.04044828769326081,0.49918241403159236,1.6868296265602112
23.776,8.539407248201883,7.993327520624922,1.1201114853363743,-0.040395228006052,0.49918455646193427,1.7648082971572876
23.792,8.542795987235454,8.000403192686601,1.1193940277777736,-0.04036592408499651,0.49918573848523734,1.6372063755989075
23.808,8.546186891648286,8.007477039566293,1.1186149794886828,-0.03352791721288195,0.49943814996021,1.7299038171768188
23.824,8.549602949319384,8.014537100646384,1.1183095240028547,-0.03373102796873528,0.49943132460143136,1.6672055423259735
23.84,8.553006625448248,8.021600730087318,1.1176918706847272,-0.03366058097471525,0.49943369657317777,1.66660875082016
23.856,8.556418754574528,8.028657061123202,1.1171996837940767,-0.033711196888662975,0.4994319928206824,1.6982346773147583
23.872,8.559827791168823,8.035711012475458,1.1165910091711566,-0.033664895685962204,0.49943355143788304,1.6851811110973358
23.888,8.563240168569784,8.042758810369666,1.1160015114130923,-0.03364359943450568,0.4994342676061569,1.700533777475357
23.904,8.566652355078066,8.04980160580977,1.1153571234357695,-0.03358079639355438,0.4994363769648189,1.6936281323432922
23.92,8.570066373534523,8.056837914905449,1.1147002899985727,-0.02695280116857912,0.49963686120184364,1.6643026471138
23.936,8.573501427559222,8.063857960732127,1.1144848861770433,-0.02714557239545634,0.4996316494399754,1.6325084865093231
23.952,8.576923128028094,8.070878266806924,1.1139841160823047,-0.027087680520114787,0.49963321850290243,1.6005659103393555
23.968,8.580350820039383,8.077889165040526,1.1136026063273419,-0.027143725654745765,0.499631699544483,1.6820420324802399
23.984,8.583774064458854,8.084895701719926,1.1131165083325216,-0.027112221678649462,0.4996325537642772,1.6728836297988892
24.0,8.587198997561398,8.091894877031264,1.1126511669820858,-0.027105754607866572,0.49963272899414224,1.6525660455226898
24.016000000000002,8.590622590991346,8.09888829674269,1.1121379913447942,-0.020893371320204412,0.4997817652757611,1.6389794647693634
24.032,8.59406594652987,8.105865798448963,1.1120638068861728,-0.021124176556454266,0.49977691776742444,1.6853570938110352
24.048000000000002,8.597495396696644,8.112844289387361,1.1117110364367608,-0.021109414641058866,0.49977722939911357,1.6984198987483978
24.064,8.600930227009743,8.119814677435333,1.1114789827174998,-0.021209136994839284,0.4997751199760732,1.6259588301181793
24.080000000000002,8.604360349410971,8.126782456686444,1.111146537413784,-0.021224223119880925,0.499774799994631,1.6738080978393555
24.096,8.607792021841624,8.133745117074135,1.1108373193042915,-0.021265792413847073,0.49977391712037117,1.6243915259838104
24.112000000000002,8.611222445303905,8.14070469233688,1.1104834908717345,-0.021272995969614072,0.4997737639513082,1.6163501143455505
24.128,8.614653874660146,8.14766077007979,1.1101235792351887,-0.015407067707341682,0.4998813205233983,1.5796658396720886
24.144000000000002,8.61810405547087,8.154605326346575,1.1101669149497642,-0.01566777267226227,0.4998772704927479,1.5791383385658264
24.16,8.621542142594086,8.161554435237322,1.1099525057940407,-0.01570150301415918,0.49987674153131345,1.5749026834964752
24.176000000000002,8.62498626308568,8.168499934121058,1.1098515963970363,-0.015842623951495938,0.4998745161320384,1.6177624464035034
24.192,8.628427150911156,8.17544726150111,1.109658492806489,-0.015906151967277182,0.4998735078330819,1.6233736276626587
24.208000000000002,8.63187074635362,8.18239430401354,1.1094880557125626,-0.01599521245654456,0.49987208749846224,1.6404947638511658
24.224,8.635314517353686,8.18934313930907,1.1092771251044409,-0.010617300801913032,0.49994363857970797,1.6001737117767334
24.240000000000002,8.638777602039262,8.19628506648835,1.1094597264824817,-0.010935453720510857,0.49994021030932007,1.606537103652954
24.256,8.642229858857082,8.203235815435974,1.1093919381318267,-0.011032948412301735,0.4999391394941602,1.5892139077186584
24.272000000000002,8.645689120835783,8.210187238990748,1.109439278571486,-0.011239129246789492,0.49993684364621616,1.5889868140220642
24.288,8.649145818866387,8.217144748694421,1.1093916454635733,-0.011364953153811364,0.4999354217003353,1.6018547117710114
24.304000000000002,8.652606107270348,8.224105868070449,1.1093703669211383,-0.011519387055328068,0.49993365479559987,1.6123506426811218
24.32,8.656067089399611,8.231072539095175,1.1093075631793616,-0.006642613984308987,0.4999779381642184,1.5936335921287537
24.336000000000002,8.659546578795734,8.238036333991081,1.1096085449811786,-0.007012081272018911,0.4999754157610511,1.5999425947666168
24.352,8.66301658878588,8.245011482049133,1.1096804315774573,-0.007179921480708895,0.49997422480668463,1.5783901512622833
24.368000000000002,8.66649309495237,8.251990274074014,1.109852771541497,-0.0074431603300944005,0.49997230019368494,1.6137079894542694
24.384,8.669967574079486,8.258977072234199,1.1099427480394353,-0.00763724942252253,0.4999708367776424,1.5768049657344818
24.400000000000002,8.673445037840452,8.26596941046569,1.1100522471765977,-0.00785373208176976,0.49996916008028186,1.5860426425933838
24.416,8.676922902203241,8.272968489815032,1.1101250555984357,-0.0080422049260358,0.49996766216714483,1.512029618024826
24.432000000000002,8.680402729221932,8.279973349042493,1.110192806211998,-0.003583188421529826,0.49999358040784225,1.5701636672019958
24.448,8.683898129674626,8.286976959434622,1.1105756267208235,-0.003984555688904212,0.49999206169999244,1.5665185451507568
24.464000000000002,8.687384448843888,8.293991166940888,1.110757000901366,-0.004209365394506115,0.49999114067381334,1.5346309542655945
24.48,8.690875358507396,8.30100872386294,1.111024004258143,-0.004516108903716898,0.49998980244951235,1.553175002336502
24.496000000000002,8.694363183332944,8.308032881008025,1.1112173749592602,-0.0047615753163468,0.49998866378592755,1.513591706752777
24.512,8.69785204379796,8.315060969213615,1.1114258525660465,-0.0050254193009915404,0.4999873726867254,1.5337897837162018
24.528000000000002,8.701339457309373,8.32209352242634,1.111600464228852,-0.0010400379395774095,0.4999994591607371,1.5306754410266876
24.544,8.704839641223872,8.329122767250489,1.112075244975484,-0.0014890877934030655,0.4999988913095913,1.5393376350402832
24.560000000000002,8.708328901184364,8.336159621479327,1.1123564790182985,-0.0017686071648128632,0.49983588373987525,1.5127620100975037
24.576,8.711820122021988,8.343196842337555,1.1127185400676303,-0.0021258575542413283,0.4951222991771509,1.5163454413414001
24.592,8.715305279081575,8.350236092374303,1.1130091514726559,-0.0024237939440725498,0.4904092263770718,1.509309560060501
24.608,8.718787716877715,8.357273647130901,1.1133131268873093,-0.002738635567168579,0.48569766554601157,1.5460200607776642
24.624,8.722264052485503,8.364307933449837,1.1135836228869311,-0.003028369857276836,0.4809894551171526,1.4612700045108795
24.64,8.72573393255679,8.371334765818817,1.1138469603762087,0.0005596497955155932,0.4762919887203506,1.5096499025821686
24.656,8.7290173895667,8.377959656971393,1.1143700277064623,8.845011049007923e-05,0.47185623850397734,1.5103141963481903
24.672,8.732261520743522,8.38453184290354,1.1147215274274094,-0.00023263131319151142,0.4674590342225073,1.4899933338165283
24.688,8.735479187276312,8.391048630965955,1.1151412787076218,-0.0006198545198019545,0.46309854315733634,1.4597129821777344
24.704,8.738663958280505,8.397512242506586,1.115496198718064,-0.0009532214488263691,0.4587752689971062,1.5150319039821625
24.72,8.741819219313644,8.403920359867024,1.1158604957655756,-0.0012993898179640695,0.4544895656930804,1.4825500547885895
24.736,8.744943058313636,8.410273527647805,1.1161932254604916,0.0018405002779280366,0.4502413359765703,1.5126650035381317
24.752,8.748047266380715,8.416565808611033,1.116768681896098,0.0013367973113007636,0.4460326435675002,1.4285410940647125
24.768,8.751113052226836,8.422806399755833,1.1171809554977628,0.0009758154717665057,0.44186152175247123,1.4913937449455261
24.784,8.75415121708254,8.428990148395757,1.1176558302172328,0.0005536157584602464,0.4377282338157939,1.49399533867836
24.8,8.757156175723477,8.435120005303029,1.118067991412888,0.00018343107347407184,0.43363254503541804,1.4953194558620453
24.816,8.760131490798978,8.441194546958293,1.1184873562478563,-0.00019765622551570772,0.4295743516846868,1.4753621816635132
24.832,8.763075674797761,8.447214873763546,1.1188753513577585,-0.0005548186336845617,0.4255534505010336,1.4796270430088043
24.848,8.765990069768227,8.45318076210911,1.119253740086462,-0.0009075249853474077,0.4215696258726509,1.4614735543727875
24.864,8.768874462741072,8.459092783428952,1.119610766345814,0.0018965315509396063,0.4176217858634788,1.4750564098358154
24.88,8.771739177419983,8.464946428092652,1.120181293710202,0.0013967095127243034,0.41371250149832434,1.451360434293747
24.896,8.7745678081324,8.470750194698628,1.1206045144198045,0.001025511326566253,0.40983922719516064,1.4489959180355072
24.912,8.7773700928972,8.476499905903207,1.1210812603184501,0.0006015644266295084,0.4060019432321943,1.4889408648014069
24.928,8.780141233004349,8.482198430018993,1.1215001021512787,0.0002255713285728156,0.40220026548278165,1.4455822110176086
24.944,8.782884503058199,8.487844744970417,1.1219232905622472,-0.00015847856514472625,0.3984339453413254,1.4532242715358734
24.96,8.785598684554033,8.493440003192745,1.122316530806199,-0.0005195997366573835,0.39470268059954083,1.4363497495651245
24.976,8.788285048894835,8.498984161641674,1.1226992348681089,0.0019201379086419834,0.3910050352591678,1.383846253156662
24.992,8.790952083499691,8.504473699685201,1.123263807541778,0.0014237807171277872,0.38734396259119497,1.450698971748352
25.008,8.793585721650775,8.509915981924598,1.1236981708410476,0.0010410634909399086,0.38371681306439753,1.3728666305541992
25.024,8.796194412363073,8.51530751983278,1.124176161241668,0.0006147319943696772,0.3801234923992946,1.434684693813324
25.04,8.79877407021201,8.52065083925372,1.1246013744272014,0.00023209297879489554,0.37656363062538883,1.4378927648067474
25.056,8.801327565800646,8.525945130686425,1.1250277588630198,-0.00015547438720542317,0.37303696431970707,1.4023381471633911
25.072,8.80385389092291,8.531191438802876,1.125425659659097,-0.0005211021609801136,0.36954319572131955,1.4330264925956726
25.088,8.80635418244368,8.536389780031945,1.1258119434537153,-0.0008798885874141682,0.36608203404461304,1.4238864183425903
25.104,8.808828373967053,8.541540742055332,1.1261776167841482,-0.001223636901065639,0.3626531927587163,1.406642347574234
25.12,8.811277057508699,8.546644594981544,1.126528081006887,0.0009656298754787684,0.3592569170397538,1.2700265645980835
25.136,8.813708241566085,8.55169809038474,1.1270438014133715,0.0005027651584814663,0.3558924783500673,1.385766714811325
25.152,8.816109110032587,8.556707873602466,1.1274392804128872,0.00014512025351587354,0.3525593693836776,1.3767227530479431
25.168,8.81848735678987,8.561670817674118,1.1278736363380688,-0.000251271331186409,0.349257372528814,1.4176157116889954
25.184,8.820839262397495,8.566589224723383,1.1282587114496463,-0.0006065418148439861,0.34598620213067804,1.3926628232002258
25.2,8.823167440890053,8.571462384112197,1.1286439304809843,-0.0009652489350679971,0.34274557518939547,1.379794031381607
25.216,8.825470972686528,8.576291255828664,1.1290021919813598,-0.0013028194468112098,0.3395352293303533,1.3973596692085266
25.232,8.827750892145255,8.58107587058594,1.1293489856730192,-0.0016331221445260447,0.33635488305908834,1.3642434775829315
25.248,8.830007136625234,8.585816773613397,1.129676117642583,-0.001948677233023055,0.33320427316038653,1.3639524579048157
25.264,8.832240243411361,8.590514222396259,1.1299885789124782,-0.0017594932121900442,0.3300837809321701,1.3763220608234406
25.28,8.834451939700116,8.59516792094687,1.130319907396416,-0.002079667225127757,0.32699187560440546,1.38146311044693
25.296,8.836640016339118,8.59977940318586,1.1306155475000768,-0.0023704765132142036,0.32392891529495627,1.3531650602817535
25.312,8.83880618146093,8.604348361234639,1.1309062758897108,-0.0026594982030632153,0.3208945981080969,1.340857595205307
25.328,8.84094995839088,8.608875512659571,1.1311754116209938,-0.0029316608548026757,0.3178886879366279,1.3605299592018127
25.344,8.843072075997828,8.613361003324494,1.1314326791736071,-0.003195601429550443,0.3149109102174743,1.3274043798446655
25.36,8.84517258397379,8.617805294010143,1.1316731183167403,-0.003446789928720939,0.311961016901504,1.3474123179912567
25.376,8.84725190102946,8.62220866790938,1.1318999413023336,-0.0036880193704407205,0.30903874678065973,1.337805688381195
25.392,8.84931023234832,8.626571504159163,1.1321118168026334,-0.003918019046932564,0.3061438493943273,1.3534672558307648
25.408,8.851347893688313,8.630894125787602,1.1323099426851704,-0.004137780597205598,0.3032760708305199,1.3263791799545288
25.424,8.853365131395556,8.635176884126562,1.1324941111251552,-0.004347042377354171,0.30043516213684907,1.310187578201294
25.44,8.855362222652747,8.639420111854237,1.1326648968020332,-0.004546242127693834,0.2976208744196876,1.3357558846473694
25.456,8.857339419923429,8.643624149036025,1.1328224393256183,-0.004735431616601726,0.29483296172211965,1.3215796649456024
25.472,8.859296982001108,8.647789328613525,1.1329671200536617,-0.00491487916757638,0.2920711793788087,1.3072073459625244
25.488,8.861235156907158,8.651915984430264,1.133099185297988,-0.005084734557051718,0.28933528498327354,1.3166539371013641
25.504,8.863154191548723,8.656004446740237,1.1332189555567465,-0.0052452148148804945,0.2866250378492865,1.311255395412445
25.52,8.865054326496542,8.660055044675127,1.133326708846006,-0.005396500701364104,0.2839401993331973,1.2969858944416046
25.536,8.866935799029278,8.664068104848447,1.1334227452957815,-0.005538793913776985,0.281280532662371,1.313430517911911
25.552,8.86879884157934,8.668043952108949,1.1335073509554425,-0.005672285036999902,0.27864580304274034,1.2807616591453552
25.568,8.870643682731242,8.67198290910239,1.1335808176607407,-0.0057971710813493615,0.27603577760591574,1.2799538671970367
25.584,8.872470546798382,8.675885296497594,1.1336434317363415,-0.0059136454931465465,0.2734502254452305,1.28493994474411
25.6,8.874279654187244,8.679751432845416,1.133695480036956,-0.006021903462723799,0.2708889175997105,1.2819567322731018
25.616,8.876071220194465,8.683581634998998,1.1337372287116936,-0.0061221239886846135,0.2683516272113928,1.2966139614582062
25.632,8.877845453378495,8.68737621945364,1.1337688542073054,-0.0062144063235560765,0.2658381294459368,1.2722700834274292
25.648,8.879602554789123,8.691135501355298,1.1337904428522192,-0.0062987708651682794,0.2633482022459194,1.2490499764680862
25.664,8.88134272533167,8.694859793676471,1.1338021437604562,-0.006375294924447772,0.26088162444491586,1.2837445735931396
25.68,8.883066172246938,8.69854940188401,1.133804325429473,-0.0064442481766739945,0.2584381765425237,1.2827979028224945
25.696,8.884773093471278,8.70220463201651,1.1337972294373344,-0.006505790721273108,0.25601764136545485,1.2649476528167725
25.712,8.8864636869136,8.705825786396566,1.1337811736538403,-0.006560150497826989,0.25361980342727014,1.2728533148765564
25.728,8.88813814584767,8.709413166569986,1.1337564498652817,-0.00660753494528965,0.25124444882812347,1.2706883251667023
25.744,8.889796676917577,8.712967062667595,1.1337237410280192,-0.006648492837644682,0.24889136519606675,1.2350941449403763
25.76,8.891439455008852,8.716487776723405,1.1336830986416562,-0.006683026611812526,0.24656034363389107,1.2617409229278564
25.776,8.893066667600726,8.71997560129915,1.133634920985241,-0.006711440507051414,0.2442511760744443,1.198597326874733
25.792,8.89467849218277,8.72343083018932,1.1335794467412925,-0.00673390098916693,0.24196365676192905,1.2336734682321548
25.808,8.896275107036221,8.726853752952692,1.133517015488691,-0.006750664728562228,0.2396975816959337,1.1854568868875504
25.824,8.897856682238679,8.730244659640977,1.1334478403544463,-0.006761879445083885,0.23745274904534588,1.2331101298332214
25.84,8.899423387901724,8.733603836812836,1.1333721965476182,-0.006767747343623398,0.2352289586588724,1.2340348213911057
25.856,8.900975389536788,8.736931569726284,1.1332903171062592,-0.00676843531826643,0.23302601236860912,1.237700879573822
25.872,8.902512850752824,8.740228141110796,1.1332024512085936,-0.0067641250702337175,0.23084371380433297,1.2194053828716278
25.888,8.90403593187608,8.743493831843168,1.1331088320747258,-0.006754985538832692,0.22868186847619923,1.2189643830060959
25.904,8.905544790827891,8.746728920568822,1.1330096950255895,-0.006741188360354755,0.22654028370931428,1.17612324655056
25.92,8.907039582743412,8.749933683911078,1.1329052676228966,-0.006722899416366168,0.22441876865932764,1.1988014727830887
25.936,8.90852046028482,8.753108396355831,1.1327957752751938,-0.006700283605074464,0.22231713428310126,1.2163789570331573
25.952,8.909987573564983,8.7562533303181,1.132681438220072,-0.0066735022521426934,0.2202351933336614,1.2059155851602554
25.968,8.911441070283878,8.75936875610897,1.1325624732712205,-0.006642714581240661,0.2181727603414637,1.1740905046463013
25.984,8.912881095743781,8.762454941959048,1.1324390929001886,-0.006608076917713035,0.21612965160281855,1.1990195512771606
26.0,8.914307792928945,8.765512154011544,1.1323115057843969,-0.006569743137031292,0.21410568516409542,1.2013430893421173
26.016000000000002,8.915721302546894,8.76854065633314,1.1321799165308362,-0.006527864414799023,0.21210068080794942,1.1856916546821594
26.032,8.917121763088662,8.771540710915769,1.1320445258505387,-0.0064825893579869565,0.2101144600381926,1.1374744027853012
26.048000000000002,8.918509310876281,8.774512577684167,1.131905530478181,-0.00643406392117285,0.20814684606517792,1.15688756108284
26.064,8.91988408011525,8.777456514500852,1.131763123230561,-0.006382431439797109,0.20619766379071824,1.1678166687488556
26.080000000000002,8.921246202942259,8.780372777173113,1.131617492986774,-0.006327832597680327,0.20426673979308993,1.1924628913402557
26.096,8.922595809473632,8.78326161945943,1.1314688247118279,-0.0062704054311897295,0.20235390231185257,1.1765369027853012
26.112000000000002,8.92393302785155,8.786123293076683,1.131317299456986,-0.006210285313926089,0.20045898123266656,1.172042191028595
26.128,8.92525798428972,8.788958047707386,1.1311630943745221,-0.006147604953718577,0.19858180807202383,1.1586309224367142
26.144000000000002,8.926570803117643,8.79176613100734,1.1310063827264822,-0.006082494384699988,0.19672221596196907,1.1506538838148117
26.16,8.927871606823974,8.794547788613443,1.1308473338991265,-0.00601508096436465,0.1948800396347975,1.1640272289514542
26.176000000000002,8.929160516098758,8.797303264151779,1.1306861134168311,-0.0059454893702586276,0.19305511540775866,1.1559893935918808
26.192,8.930437649874687,8.80003279924593,1.1305228829590883,-0.005873841599565388,0.19124728116775738,1.1498285830020905
26.208000000000002,8.93170312536734,8.802736633525473,1.1303578003786632,-0.005800256969715978,0.18945637635610016,1.172439083456993
26.224,8.93295705811444,8.8054150046347,1.130191019722065,-0.0057248521212520664,0.18768224195327204,1.1786852777004242
26.240000000000002,8.934199562014165,8.80806814824152,1.1300226912516844,-0.005647741022164254,0.1859247204637554,1.1467718333005905
26.256,8.935430749362494,8.81069629804654,1.1298529614699444,-0.005569034974210574,0.18418365590092847,1.170005276799202
26.272000000000002,8.936650730889644,8.813299685792327,1.1296819731452277,-0.005488842620871459,0.1824588937720118,1.1227679252624512
26.288,8.937859615795581,8.815878541272811,1.1295098653396383,-0.0054072699570415494,0.18075028106311986,1.104871779680252
26.304000000000002,8.939057511784648,8.818433092342886,1.1293367734384991,-0.005324420340412139,0.17905766622437627,1.159663051366806
26.32,8.940244525099317,8.820963564928116,1.1291628291815423,-0.005240394504416823,0.1773808991551444,1.1226846277713776
26.336000000000002,8.941420760553058,8.82347018303461,1.1289881606957206,-0.005155290572823823,0.17571983118935552,1.1535019427537918
26.352,8.942586321562393,8.825953168759026,1.1288128925295817,-0.0050692040757542856,0.17407431508094487,1.1413124948740005
26.368000000000002,8.94374131017809,8.828412742298706,1.1286371456891122,-0.004982227967228692,0.1724442049894081,1.0874536633491516
26.384,8.94488582711558,8.830849121961926,1.1284610376750173,-0.004894452643980252,0.17082935646547492,1.1197606474161148
26.400000000000002,8.946019971784523,8.833262524178277,1.1282846825213246,-0.004805965965798187,0.16922962643691555,1.0940135270357132
26.416,8.94714384231765,8.835653163509154,1.1281081908352668,-0.00471685327689908,0.16764487319446686,1.1267297714948654
26.432000000000002,8.948257535598795,8.838021252658333,1.1279316698383637,-0.004627197428708207,0.16607495637791003,1.1383481323719025
26.448,8.949361147290197,8.840367002482681,1.1277552234086226,-0.004537078803657835,0.16451973696226627,1.1171729117631912
26.464000000000002,8.950454771859068,8.842690622002932,1.127578952123813,-0.004446575340109504,0.1629790772441476,1.1278972774744034
26.48,8.951538502603427,8.844992318414569,1.1274029533057048,-0.004355762558319931,0.16145284082824338,1.1291079968214035
26.496000000000002,8.952612431677247,8.84727229709879,1.1272273210652555,-0.004264713587353697,0.15994089261395172,1.1027352511882782
26.512,8.953676650114907,8.849530761633549,1.1270521463486203,-0.004173499192877905,0.15844309878216087,1.0999982804059982
26.528000000000002,8.954731247854966,8.851767913804679,1.1268775169839813,-0.0040821878058787675,0.1569593267821726,1.1019191890954971
26.544,8.955776313763288,8.853983953617082,1.1267035177290765,-0.003990845552080735,0.15548944531877845,1.0427729785442352
26.560000000000002,8.956811935655526,8.856179079305985,1.1265302303194147,-0.003899536282156113,0.15403332433948264,1.0806486755609512
26.576,8.957838200318967,8.858353487348262,1.126357733517079,-0.003808321602650544,0.1525908350218765,1.0958095639944077
26.592000000000002,8.958855193533783,8.860507372473815,1.1261861031600844,-0.003717260907443176,0.1511618497611553,1.0902557522058487
26.608,8.959863000093659,8.862640927677003,1.126015412212225,-0.0036264114099200384,0.14974624215779414,1.1128533631563187
26.624000000000002,8.960861703825872,8.864754344228121,1.125845730813353,-0.0035358281755479837,0.14834388700536358,1.1073650419712067
26.64,8.961851387610771,8.866847811684943,1.1256771263300442,-0.0034455641550503735,0.1469546602784943,1.0931026935577393
26.656,8.962832133400726,8.868921517904273,1.1255096634065902,-0.003355670217903395,0.14557843912099627,1.0957121104002
26.672,8.963804022238513,8.870975649053557,1.125343404016281,-0.0032661951863435235,0.14421510183411818,1.0606753081083298
26.688,8.964767134275206,8.873010389622547,1.1251784075129059,-0.0031771858696227895,0.14286452786494008,1.1052511632442474
26.704,8.965721548787528,8.87502592243494,1.125014730682462,-0.0030886870986019943,0.14152659779493743,1.046423614025116
26.72,8.966667344194713,8.877022428660105,1.1248524277949903,-0.003000741760628589,0.14020119332865993,1.0737861692905426
26.736,8.967604598074892,8.879000087824796,1.1246915506565334,-0.002913390834597962,0.1388881972825642,1.081668809056282
26.752,8.968533387180994,8.880959077824905,1.12453214866112,-0.0028266734262212267,0.13758749357398017,1.0342605412006378
26.768,8.9694537874562,8.882899574937207,1.124374268842815,-0.002740626803361401,0.13629896721022203,1.0762809962034225
26.784,8.97036587404893,8.884821753831156,1.124217955927719,-0.002655286431635595,0.13502250427782478,1.066923588514328
26.8,8.971269721327436,8.88672578758066,1.1240632523859273,-0.0025706860098591022,0.1337579919319153,1.0830191522836685
26.816,8.972165402893923,8.888611847675872,1.123910198483414,-0.0024868575057270803,0.13250531838572704,1.0592808574438095
26.832,8.973052991598301,8.890480104034998,1.1237588323337762,-0.002403831191367889,0.13126437290022294,1.070847436785698
26.848,8.973932559551521,8.892330725016087,1.123609189949849,-0.0023216356789008685,0.13003504577386663,1.0234539955854416
26.864,8.974804178138532,8.894163877428838,1.1234613052951337,-0.002240297955911963,0.12881722833250353,1.0367729514837265
26.88,8.97566791803085,8.895979726546384,1.1233152103350093,-0.0021598434208947026,0.12761081291937632,1.0606060177087784
26.896,8.976523849198788,8.89777843611709,1.123170935087728,-0.0020802959184167413,0.1264156928852505,1.0458263754844666
26.912,8.977372040923314,8.899560168376322,1.1230285076751407,-0.0020016777743023795,0.1252317625786683,1.0470739006996155
26.928,8.978212561807563,8.901325084058215,1.122887954373145,-0.0019240098305264297,0.12405891733631848,1.084827035665512
26.944,8.979045479788047,8.90307334240742,1.122749299661826,-0.0018473114798696066,0.12289705347351401,1.0570283979177475
26.96,8.979870862145509,8.904805101190853,1.1226125662752737,-0.0017716007004389134,0.12174606827478512,1.0629954189062119
26.976,8.980688775515489,8.906520516709376,1.1224777752510675,-0.0016968940898083318,0.12060585998459486,1.054372638463974
26.992,8.981499285898577,8.908219743809523,1.1223449459793768,-0.0016232068989854298,0.11947632779814193,1.0526513308286667
27.008,8.982302458670388,8.90990293589514,1.1222140962517095,-0.0015505530659130073,0.1183573718522896,1.0682830959558487
27.024,8.983098358591231,8.911570244939035,1.12208524230925,-0.0014789452488113142,0.11724889321658893,1.0210110247135162
27.04,8.983887049815536,8.91322182149459,1.121958398890796,-0.001408394858998463,0.11615079388440647,1.0311603546142578
27.056,8.984668595900988,8.914857814707334,1.1218335792802847,-0.0013389120934386156,0.11506297676415304,1.0203997045755386
27.072,8.985443059817426,8.916478372326491,1.1217107953538787,-0.0012705059668207674,0.11398534567061507,1.0159850120544434
27.088,8.986210503955482,8.918083640716494,1.1215900576266307,-0.0012031843432716016,0.11291780531637433,1.0349170118570328
27.104,8.986970990134992,8.919673764868449,1.1214713752986671,-0.0011369539675185614,0.111860261303334,1.0517795383930206
27.12,8.987724579613172,8.921248888411576,1.121354756300976,-0.001071820495723852,0.11081262011432699,1.0349227488040924
27.136,8.988471333092562,8.922809153624593,1.12124020734067,-0.001007788525727804,0.10977478910482726,1.0312569886446
27.152,8.989211310728773,8.92435470144708,1.121127733945845,-0.0009448616268716847,0.10874667649473722,1.0446654260158539
27.168,8.989944572138016,8.92588567149076,1.121017340509931,-0.0008830423691783551,0.10772819136027932,1.0461782664060593
27.184,8.990671176404431,8.927402202050782,1.1209090303356084,-0.0008223323521265868,0.10671924362596032,1.0104664415121078
27.2,8.991391182087227,8.928904430116908,1.1208028056782338,-0.0007627322327703467,0.10571974405662894,1.01466104388237
27.216,8.992104647227636,8.930392491384685,1.1206986677888104,-0.000704241753293644,0.10472960424961449,1.0012192279100418
27.232,8.992811629355684,8.93186652026655,1.1205966169565078,-0.0006468597680360233,0.10374873662694609,0.9992155432701111
27.248,8.99351218549679,8.933326649902874,1.1204966525506979,-0.0005905842697941921,0.1027770544276588,1.0171201080083847
27.264,8.994206372178217,8.934773012172979,1.120398773062563,-0.0005354124155285689,0.1018144717001658,1.0402262955904007
27.28,8.994894245435326,8.936205737706068,1.1203029761462486,-0.0004813405515173841,0.10086090329472447,1.0210929065942764
27.296,8.995575860817716,8.937624955892112,1.1202092586595693,-0.00042836423762437903,0.09991626485596757,1.0176760703325272
27.312,8.9962512733952,8.93903079489268,1.1201176167043114,-0.0003764782710531378,0.09898047281551117,1.0395587235689163
27.328,8.996920537763629,8.9404233816517,1.1200280456660971,-0.0003256767093438029,0.09805344438464587,1.0030275583267212
27.344,8.997583708050598,8.941802841906167,1.1199405402538658,-0.00027595289258908196,0.09713509754708329,0.9521966427564621
27.36,8.998240837921024,8.943169300196779,1.119855094538949,-0.00022729946487842767,0.09622535105179268,1.0159250348806381
27.376,8.99889198058258,8.94452287987852,1.1197717019937958,-0.00017970839506542546,0.09532412440589175,0.9934130311012268
27.392,8.999537188791033,8.94586370313116,1.1196903555303324,-0.0001331709965994854,0.09443133786762113,1.002606749534607
27.408,9.000176514855443,8.947191890969705,1.1196110475379961,-8.767794664210626e-05,0.09354691243937761,1.026628315448761
27.424,9.000810010643285,8.948507563254775,1.1195337699214558,-4.321930425366105e-05,0.09267076986081481,1.0173865407705307
27.44,9.001437727585447,8.9498108387029,1.1194585141380506,2.154723741654152e-07,0.09180283260201506,0.9811681509017944
27.456,9.002059716681124,8.95110183489676,1.1193852712349779,4.263750935340482e-05,0.09094302385672638,1.0023532062768936
27.472,9.002676028502645,8.952380668295346,1.1193140318862296,8.405850180803753e-05,0.09009126753565555,1.010115072131157
27.488,9.00328671320019,8.953647454244054,1.119244786429354,0.00012449069937492396,0.08924748825983393,1.0121047496795654
27.504,9.003891820506425,8.954902306984698,1.1191775249020486,0.00016394689267595908,0.08841161135404157,0.9903768450021744
27.52,9.004491399741074,8.956145339665445,1.1191122370785973,0.0002024404010811942,0.08758356284029453,0.9917590022087097
27.536,9.005085499815404,8.957376664350688,1.1190489125062701,0.00023998506138234177,0.08676326943138943,1.0262194275856018
27.552,9.005674169236642,8.958596392030827,1.1189875405416239,0.00027659521764622497,0.08595065852451256,1.013302206993103
27.568,9.006257456112332,8.959804632631972,1.1189281103868352,0.00031228571241515013,0.08514565819490853,1.0074207931756973
27.584,9.006835408154632,8.961001495025574,1.1188706111260787,0.0003470718789770899,0.08434819718960272,0.9824122488498688
